Tweet_Date,user_id,Followers,Tweet_text
2020-12-16 18:39:50,Jeddah_Doctors,12041,b'RT @farha1985: @Jeddah_Doctors \xd8\xa7\xd9\x84\xd8\xb3\xd9\x84\xd8\xa7\xd9\x85 \xd8\xb9\xd9\x84\xd9\x8a\xd9\x83\xd9\x85 \xd8\xa7\xd8\xb3\xd8\xa7\xd9\x84 \xd8\xb9\xd9\x86 \xd8\xaf\xd9\x83\xd8\xaa\xd9\x88\xd8\xb1 \xd9\x84\xd8\xa7\xd9\x84\xd8\xa7\xd9\x85 \xd8\xa7\xd9\x84\xd9\x85\xd8\xb9\xd8\xaf\xd9\x87 \xd8\xa7\xd9\x8a \xd8\xa7\xd9\x83\xd9\x84 \xd9\x85\xd8\xa7\xd9\x8a\xd8\xaa\xd9\x82\xd8\xa8\xd9\x84\xd9\x88\xd8\xa7 \xd8\xad\xd8\xaa\xd9\x89 \xd9\x84\xd9\x88 \xd9\x85\xd9\x86 \xd8\xa7\xd9\x84\xd8\xa8\xd9\x8a\xd8\xaa \xd8\xa7\xd9\x84\xd9\x85\xd8\xb3\xd8\xaa\xd8\xb4\xd9\x81\xd9\x8a\xd8\xa7\xd8\xaa \xd8\xa7\xd9\x84\xd9\x83\xd8\xa8\xd9\x8a\xd8\xb1\xd9\x87 \xd8\xa7\xd8\xb3\xd8\xb9\xd8\xa7\xd8\xb1\xd9\x87\xd9\x85 \xd9\x85\xd8\xa8\xd8\xa7\xd9\x84\xd8\xba \xd9\x81\xd9\x8a\xe2\x80\xa6'
2020-12-16 18:39:43,Mr77114,51,b'RT @5a1di: Saudi Customs foiled an attempt to smuggle more than 8 million Captagon pills which was shipped from Turkey to Jeddah port. http\xe2\x80\xa6'
2020-12-16 18:39:21,apcd0,58,b'RT @AshjanNajdSA: \xd9\x8a\xd9\x82\xd9\x88\xd9\x84\xd9\x88\xd9\x86  #\xd8\xac\xd8\xaf\xd8\xa9 \xd8\xba\xd9\x8a\xd8\xb1 \xd9\x88 \xd8\xad\xd9\x86\xd8\xa7 \xd9\x83\xd9\x85\xd8\xa7\xd9\x86 \xd9\x86\xd9\x82\xd9\x88\xd9\x84 #\xd8\xa7\xd8\xb3\xd8\xb9\xd8\xa7\xd8\xb1\xd9\x86\xd8\xa7 \xd8\xba\xd9\x8a\xd8\xb1..\n\xd8\xa7\xd8\xb3\xd8\xaa\xd8\xa7\xd8\xac\xd8\xb1 \xd8\xa7\xd9\x84\xd8\xa7\xd9\x86 #\xd9\x87\xd9\x8a\xd9\x88\xd9\x86\xd8\xaf\xd8\xa7\xd9\x8a #\xd8\xa7\xd9\x84\xd9\x86\xd8\xaa\xd8\xb1\xd8\xa72021 \xd9\x85\xd9\x86 #\xd8\xb4\xd8\xb1\xd9\x83\xd8\xa9_\xd8\xa7\xd8\xb4\xd8\xac\xd8\xa7\xd9\x86_\xd9\x86\xd8\xac\xd8\xaf_\xd9\x84\xd8\xaa\xd8\xa7\xd8\xac\xd9\x8a\xd8\xb1_\xd8\xa7\xd9\x84\xd8\xb3\xd9\x8a\xd8\xa7\xd8\xb1\xd8\xa7\xd8\xaa \xd8\xa8\xd8\xa7\xd9\x82\xd9\x84\xe2\x80\xa6'
2020-12-16 18:39:05,alaingresh,36700,b'Islam. A Little-Known Poem by Victor Hugo as an Antidote to #Islamophobia \n@OrientXXI @MiddleEastMnt @POMED\xe2\x80\xa6 https://t.co/upxQRo90Qr'
2020-12-16 18:38:33,mahdi_ibr,1439,"b""I'm at O\xc3\xaca Beach in Jeddah, Makkah https://t.co/lOF0yFoRyA"""
2020-12-16 18:38:33,Hanih33991858,54,b'RT @hKPjMjROIKYQJKf: @Jeddah_Radio \xf0\x9f\x87\xb8\xf0\x9f\x87\xa6\xf0\x9f\x87\xa7\xf0\x9f\x87\xad\xf0\x9f\x98\x8d'
2020-12-16 18:38:10,hKPjMjROIKYQJKf,49,b'@Jeddah_Radio \xf0\x9f\x87\xb8\xf0\x9f\x87\xa6\xf0\x9f\x87\xa7\xf0\x9f\x87\xad\xf0\x9f\x98\x8d'
2020-12-16 18:37:55,OmZzzam,1506,b'RT @AshjanNajdSA: \xd9\x8a\xd9\x82\xd9\x88\xd9\x84\xd9\x88\xd9\x86  #\xd8\xac\xd8\xaf\xd8\xa9 \xd8\xba\xd9\x8a\xd8\xb1 \xd9\x88 \xd8\xad\xd9\x86\xd8\xa7 \xd9\x83\xd9\x85\xd8\xa7\xd9\x86 \xd9\x86\xd9\x82\xd9\x88\xd9\x84 #\xd8\xa7\xd8\xb3\xd8\xb9\xd8\xa7\xd8\xb1\xd9\x86\xd8\xa7 \xd8\xba\xd9\x8a\xd8\xb1..\n\xd8\xa7\xd8\xb3\xd8\xaa\xd8\xa7\xd8\xac\xd8\xb1 \xd8\xa7\xd9\x84\xd8\xa7\xd9\x86 #\xd9\x87\xd9\x8a\xd9\x88\xd9\x86\xd8\xaf\xd8\xa7\xd9\x8a #\xd8\xa7\xd9\x84\xd9\x86\xd8\xaa\xd8\xb1\xd8\xa72021 \xd9\x85\xd9\x86 #\xd8\xb4\xd8\xb1\xd9\x83\xd8\xa9_\xd8\xa7\xd8\xb4\xd8\xac\xd8\xa7\xd9\x86_\xd9\x86\xd8\xac\xd8\xaf_\xd9\x84\xd8\xaa\xd8\xa7\xd8\xac\xd9\x8a\xd8\xb1_\xd8\xa7\xd9\x84\xd8\xb3\xd9\x8a\xd8\xa7\xd8\xb1\xd8\xa7\xd8\xaa \xd8\xa8\xd8\xa7\xd9\x82\xd9\x84\xe2\x80\xa6'
2020-12-16 18:37:05,n5SrXgy6IxAaF0C,27,b'RT @manalalgalt: @Jeddah_Radio \xd9\x83\xd9\x84 \xd8\xb9\xd8\xa7\xd9\x85 \xd9\x88\xd8\xa7\xd9\x84\xd8\xad\xd9\x83\xd9\x88\xd9\x85\xd8\xa9 \xd8\xa7\xd9\x84\xd8\xa8\xd8\xad\xd8\xb1\xd9\x8a\xd9\x86\xd9\x8a\xd8\xa9 \xd9\x88\xd8\xb4\xd8\xb9\xd8\xa8\xd9\x87\xd8\xa7 \xd8\xa8\xd8\xae\xd9\x8a\xd8\xb1'
2020-12-16 18:36:59,n5SrXgy6IxAaF0C,27,b'RT @aljwharasaad: @Jeddah_Radio \xd9\x83\xd9\x84 \xd8\xb9\xd8\xa7\xd9\x85 \xd9\x88\xd9\x85\xd9\x85\xd9\x84\xd9\x83\xd8\xa9 \xd8\xa7\xd9\x84\xd8\xa8\xd8\xad\xd8\xb1\xd9\x8a\xd9\x86 \xd8\xa8\xd8\xae\xd9\x8a\xd8\xb1 \xd9\x82\xd9\x8a\xd8\xa7\xd8\xaf\xd8\xa9 \xd9\x88\xd8\xb4\xd8\xb9\xd8\xa8\xd9\x8b\xd8\xa7\xf0\x9f\x87\xa7\xf0\x9f\x87\xad\xe2\x99\xa5\xef\xb8\x8f\xf0\x9f\xa4\x8d'
2020-12-16 18:36:53,n5SrXgy6IxAaF0C,27,b'RT @2020Rawiah: @Jeddah_Radio \xd9\x83\xd9\x84 \xd8\xb9\xd8\xa7\xd9\x85 \xd9\x88\xd9\x85\xd9\x85\xd9\x84\xd9\x83\xd8\xa9 \xd8\xa7\xd9\x84\xd8\xa8\xd8\xad\xd8\xb1\xd9\x8a\xd9\x86 \xd8\xa8\xd9\x83\xd9\x84 \xd8\xae\xd9\x8a\xd8\xb1 \xd9\x82\xd9\x8a\xd8\xa7\xd8\xaf\xd8\xa9 \xd9\x88\xd8\xb4\xd8\xb9\xd8\xa8 .. \xd9\x88\xd8\xa7\xd8\xaf\xd8\xa7\xd9\x85 \xd8\xa7\xd9\x84\xd9\x84\xd9\x87 \xd8\xa7\xd9\x84\xd8\xaa\xd8\xb1\xd8\xa7\xd8\xa8\xd8\xb7 \xd9\x88\xd8\xa7\xd9\x84\xd8\xaa\xd9\x84\xd8\xa7\xd8\xad\xd9\x85 \xd8\xa8\xd9\x8a\xd9\x86 \xd8\xa7\xd9\x84\xd8\xa8\xd9\x84\xd8\xaf\xd9\x8a\xd9\x86  \xf0\x9f\x87\xa7\xf0\x9f\x87\xad \xf0\x9f\x87\xb8\xf0\x9f\x87\xa6'
2020-12-16 18:36:39,Gatter96625713,57,b'#jeddah _ massage and relaxation in box me on WhatsApp +966590830785'
2020-12-16 18:35:51,dAenjFS7CqLuOCh,0,b'RT @AMHAlShareef: \xd9\x85\xd8\xa8\xd9\x84\xd8\xba  500  \xd8\xb1\xd9\x8a\xd8\xa7\xd9\x84 \xd9\x84\xd9\x81\xd8\xa7\xd8\xa6\xd8\xb2 \xd9\x88\xd8\xa7\xd8\xad\xd8\xaf\n\xe2\x96\xaa\xef\xb8\x8f \xd8\xa7\xd9\x84\xd9\x85\xd8\xb7\xd9\x84\xd9\x88\xd8\xa8 \n\xd9\x85\xd8\xaa\xd8\xa7\xd8\xa8\xd8\xb9\xd8\xa9 \xd8\xa7\xd9\x84\xd8\xad\xd8\xb3\xd8\xa7\xd8\xa8    @vibes_jeddah\n\n\xd8\xa7\xd9\x84\xd8\xb3\xd8\xad\xd8\xa8 \xd9\x85\xd9\x86 \xd8\xa7\xd9\x84\xd8\xb1\xd9\x8a\xd8\xaa\xd9\x88\xd9\x8a\xd8\xaa \xd9\x81\xd9\x8a \xd8\xa3\xd9\x82\xd9\x84\xd8\xa7\xd9\x85 \xd9\x88\xd8\xa3\xd8\xb9\xd9\x84\xd8\xa7\xd9\x85 \xd8\xae\xd9\x84\xd8\xa7\xd9\x84 24  \xd8\xb3\xd8\xa7\xd8\xb9\xd8\xa9'
2020-12-16 18:34:38,MalikRiazKhan14,8,"b'@ndtv Saudi Arabia, attack on a large oil ship docked at the port, fear in Saudi Arabia | Explosion in Jeddah Oil T\xe2\x80\xa6 https://t.co/nsP0N09jiz'"
2020-12-16 18:33:49,_____lcv,20,b'@Shehanat_Jeddah @ask__jeddah1 \xd8\xba\xd8\xa7\xd9\x84\xd9\x8a\xd9\x86'
2020-12-16 18:33:32,somama0b,75,b'RT @5a1di: Saudi Customs foiled an attempt to smuggle more than 8 million Captagon pills which was shipped from Turkey to Jeddah port. http\xe2\x80\xa6'
2020-12-16 18:33:09,WuT80EI3K9W20Dq,0,b'RT @AMHAlShareef: \xd9\x85\xd8\xa8\xd9\x84\xd8\xba  500  \xd8\xb1\xd9\x8a\xd8\xa7\xd9\x84 \xd9\x84\xd9\x81\xd8\xa7\xd8\xa6\xd8\xb2 \xd9\x88\xd8\xa7\xd8\xad\xd8\xaf\n\xe2\x96\xaa\xef\xb8\x8f \xd8\xa7\xd9\x84\xd9\x85\xd8\xb7\xd9\x84\xd9\x88\xd8\xa8 \n\xd9\x85\xd8\xaa\xd8\xa7\xd8\xa8\xd8\xb9\xd8\xa9 \xd8\xa7\xd9\x84\xd8\xad\xd8\xb3\xd8\xa7\xd8\xa8    @vibes_jeddah\n\n\xd8\xa7\xd9\x84\xd8\xb3\xd8\xad\xd8\xa8 \xd9\x85\xd9\x86 \xd8\xa7\xd9\x84\xd8\xb1\xd9\x8a\xd8\xaa\xd9\x88\xd9\x8a\xd8\xaa \xd9\x81\xd9\x8a \xd8\xa3\xd9\x82\xd9\x84\xd8\xa7\xd9\x85 \xd9\x88\xd8\xa3\xd8\xb9\xd9\x84\xd8\xa7\xd9\x85 \xd8\xae\xd9\x84\xd8\xa7\xd9\x84 24  \xd8\xb3\xd8\xa7\xd8\xb9\xd8\xa9'
2020-12-16 18:32:30,ikhalidsu,58,b'Jeddah is my second home\xe2\x9d\xa4\xef\xb8\x8f https://t.co/Gd42anL1Tt'
2020-12-16 18:32:08,NEIN_HAYIR_NA,1736,"b'RT @RealthingUlli: Das ist kein Krimi, das ist reale t\xc3\xbcrkische Kriminalit\xc3\xa4t: \xf0\x9f\x94\xa5Der saudische Zoll vereitelte den Versuch, mehr als 8 Million\xe2\x80\xa6'"
2020-12-16 18:31:33,lala_jeddah,770,b'@masage_azeziya Hala bt nmn ganyan ayw ko na'
2020-12-16 18:31:18,moonzty,612,"b""I'm at 1/15  Neighborhood Cafe in Jeddah, Makkah https://t.co/FbR1CiH3Ps"""
2020-12-16 18:30:00,Jeddah_Radio,63999,b'\xd8\xa8\xd8\xb1\xd9\x86\xd8\xa7\xd9\x85\xd8\xac #Up_beat \xd8\xb9\xd9\x84\xd9\x89 #\xd8\xac\xd8\xaf\xd8\xa9_FM\n\n 10:05 \xd9\x85\xd8\xb3\xd8\xa7\xd8\xa1 \xe2\x8f\xb0\n\xd9\x85\xd8\xb9\n\xd9\x84\xd9\x88\xd9\x84\xd9\x88\xd8\xa9 \xd8\xa7\xd9\x84\xd8\xb9\xd8\xa8\xd8\xaf\xd8\xa7\xd9\x84\xd9\x84\xd9\x87 \xd9\x88 \xd8\xae\xd8\xa7\xd9\x84\xd8\xaf \xd9\x85\xd8\xb3\xd8\xaa\xd9\x88\xd8\xb1\n\n\xd9\x83\xd9\x88\xd9\x86\xd9\x88\xd8\xa7 \xd8\xb9\xd9\x84\xd9\x89 \xd8\xa7\xd9\x84\xd9\x85\xd9\x88\xd8\xb9\xd8\xaf \xe2\x8f\xb0\n\n\xd8\xb1\xd8\xa7\xd8\xa8\xd8\xb7 \xd8\xa7\xd9\x84\xd8\xa8\xd8\xab \xd8\xa7\xd9\x84\xd9\x85\xd8\xa8\xd8\xa7\xd8\xb4\xd8\xb1\xf0\x9f\x8e\xa7\xe2\x80\xa6 https://t.co/fZmmMVj0TP'
2020-12-16 18:30:00,Jeddah_Radio,63999,b'\xd8\xb4\xd9\x88\xd8\xa7\xd9\x87\xd8\xaf \xd8\xa8\xd8\xad\xd8\xb1\xd9\x8a\xd9\x86\xd9\x8a\xd8\xa9 | \xd8\xb5\xd9\x86\xd8\xa7\xd8\xb9\xd8\xa7\xd8\xaa \xd8\xb4\xd8\xb9\xd8\xa8\xd9\x8a\xd8\xa9 \xd8\xaa\xd9\x82\xd9\x84\xd9\x8a\xd8\xaf\xd9\x8a\xd8\xa9\xd8\x8c \xd8\xa7\xd8\xb4\xd8\xaa\xd9\x87\xd8\xb1\xd8\xaa \xd8\xa8\xd9\x87\xd8\xa7 \xd9\x85\xd9\x85\xd9\x84\xd9\x83\xd8\xa9 \xd8\xa7\xd9\x84\xd8\xa8\xd8\xad\xd8\xb1\xd9\x8a\xd9\x86 \xd9\x85\xd9\x86\xd8\xb0 \xd8\xa7\xd9\x84\xd9\x82\xd8\xaf\xd9\x85.\n#\xd8\xac\xd8\xaf\xd8\xa9_\xd8\xa7\xd9\x81_\xd8\xa7\xd9\x85\n#\xd8\xa7\xd9\x84\xd8\xb3\xd8\xb9\xd9\x88\xd8\xaf\xd9\x8a\xd8\xa9_\xd8\xa7\xd9\x84\xd8\xa8\xd8\xad\xd8\xb1\xd9\x8a\xd9\x86 \xf0\x9f\x87\xa7\xf0\x9f\x87\xad\xf0\x9f\x87\xb8\xf0\x9f\x87\xa6\xe2\x80\xa6 https://t.co/ofPIiNWMDt'
2020-12-16 18:30:00,Jeddah_Radio,63999,b'\xd8\xa8\xd8\xb1\xd9\x86\xd8\xa7\xd9\x85\xd8\xac #Up_beat \xd8\xb9\xd9\x84\xd9\x89 #\xd8\xac\xd8\xaf\xd8\xa9_FM\n\n 10:05 \xd9\x85\xd8\xb3\xd8\xa7\xd8\xa1 \xe2\x8f\xb0\n\xd9\x85\xd8\xb9\n\xd9\x84\xd9\x88\xd9\x84\xd9\x88\xd8\xa9 \xd8\xa7\xd9\x84\xd8\xb9\xd8\xa8\xd8\xaf\xd8\xa7\xd9\x84\xd9\x84\xd9\x87 \xd9\x88 \xd8\xae\xd8\xa7\xd9\x84\xd8\xaf \xd9\x85\xd8\xb3\xd8\xaa\xd9\x88\xd8\xb1\n\n\xd9\x83\xd9\x88\xd9\x86\xd9\x88\xd8\xa7 \xd8\xb9\xd9\x84\xd9\x89 \xd8\xa7\xd9\x84\xd9\x85\xd9\x88\xd8\xb9\xd8\xaf \xe2\x8f\xb0\n\n\xd8\xb1\xd8\xa7\xd8\xa8\xd8\xb7 \xd8\xa7\xd9\x84\xd8\xa8\xd8\xab \xd8\xa7\xd9\x84\xd9\x85\xd8\xa8\xd8\xa7\xd8\xb4\xd8\xb1\xf0\x9f\x8e\xa7\xe2\x80\xa6 https://t.co/MUGcYHbk18'
2020-12-16 18:29:55,iw3sii,728,b'JEDDAH WATERFRONT \xf0\x9f\xa4\x8d https://t.co/zcWYKI66lQ'
2020-12-16 18:29:48,2oxci,67,b'@Rooa25501158 @tvtc_f_jeddah \xd8\xa7\xd9\x8a\xd9\x88\xd9\x87 \xd9\x86\xd9\x82\xd8\xa8\xd9\x84\xd8\xaa\xd9\x8a \xd9\x86\xd9\x81\xd8\xb3 \xd9\x85\xd8\xa7\xd8\xac\xd8\xa7\xd9\x86\xd9\x8a \xd9\x85\xd8\xa8\xd8\xb1\xd9\x88\xd9\x83 \xd9\x84\xd9\x83\xe2\x9d\xa4\xef\xb8\x8f\xe2\x9d\xa4\xef\xb8\x8f'
2020-12-16 18:29:13,adarwiesh_,308,b'Riyadh metro \n\xd8\xaa\xd8\xb5\xd9\x88\xd9\x8a\xd8\xb1 \xd8\xac\xd9\x88\xd9\x8a \xd9\x84\xd9\x85\xd8\xad\xd8\xb7\xd8\xa9 \xd9\x85\xd8\xaa\xd8\xb1\xd9\x88 \xd8\xa7\xd9\x84\xd8\xb1\xd9\x8a\xd8\xa7\xd8\xb6 \xd8\xa8\xd8\xac\xd8\xa7\xd9\x86\xd8\xa8 \xd8\xb3\xd8\xaa\xd8\xa7\xd8\xaf \xd8\xa7\xd9\x84\xd9\x85\xd9\x84\xd9\x83 \xd9\x81\xd9\x87\xd8\xaf\n\xe2\x80\xa2Dji Mavic mini\n\xe2\x80\xa2S-1/8\n\xe2\x80\xa2F-2.8 \n\xe2\x80\xa2ISO-400\n\xe2\x80\xa2\xe2\x80\xa6 https://t.co/ZrYIuNI8U7'
2020-12-16 18:28:12,Suzie73363499,9,"b'Hello, if you need #dating #bodytobodymassage #jeddah_massage hit my inbox now # 0582520871 \xf0\x9f\x92\x96'"
2020-12-16 18:27:21,tgphogo_2010,1494,b'@hrazat2030 \xd8\xa7\xd9\x84\xd8\xb1\xd8\xa7\xd8\xa8\xd8\xb7 \xd9\x8a\xd8\xb8\xd9\x87\xd8\xb1 \xd8\xa7\xd9\x84\xd9\x85\xd9\x83\xd8\xa7\xd8\xaa\xd8\xa8 \xd8\xa7\xd9\x84\xd9\x85\xd8\xb9\xd8\xaa\xd9\x85\xd8\xaf\xd9\x87 \xd9\x88\xd9\x87\xd9\x84 \xd9\x85\xd8\xa7 \xd9\x85\xd8\xb9\xd8\xaa\xd9\x85\xd8\xaf \xd8\xa7\xd8\xb3\xd8\xaa\xd8\xb4\xd8\xa7\xd8\xb1\xd8\xa7\xd8\xaa \xd9\x85\xd8\xb9\xd8\xaa\xd9\x85\xd8\xaf \xd8\xa7\xd8\xb3\xd8\xaa\xd8\xad\xd9\x83\xd8\xa7\xd9\x85 \xd8\xa7\xd8\xb8\xd9\x86 \xd8\xa7\xd9\x84\xd8\xaa\xd8\xa3\xd9\x83\xd9\x8a\xd8\xaf \xd8\xb3\xd9\x8a\xd9\x83\xd9\x88\xd9\x86 \xd9\x8a\xd9\x88\xd9\x85 \xd9\xa5 \xd8\xa7\xd9\x84\xd8\xa3\xd8\xad\xd8\xaf https://t.co/MCmTOVa5qz'
2020-12-16 18:27:21,Suzie73363499,9,"b'Hello, if you need #dating #bodytobodymassage #jeddah_massage hit my inbox now # 0582520871 \xe2\x9d\xa4\xef\xb8\x8f'"
2020-12-16 18:26:53,Suzie73363499,9,"b'Hello, if you need #dating #bodytobodymassage #jeddah_massage hit my inbox now # 0582520871'"
2020-12-16 18:26:44,saeedmu7,499,"b'\xf0\x9f\x9a\xb4\xf0\x9f\x8f\xbd\xf0\x9f\x8f\x83\xf0\x9f\x8f\xbd\xe2\x80\x8d\xe2\x99\x82\xef\xb8\x8f (@ Jeddah Waterfront (JW) in Jeddah, Makkah) https://t.co/05CgzCkWUa'"
2020-12-16 18:26:17,i_jamx,1249,"b""I'm at Belajio in Jeddah, Western Province w/ @anas__sn https://t.co/Z7WzCYJzeB"""
2020-12-16 18:24:56,Al_Shalhoub,316,"b""I'm at Relais De Paris (Entrec\xc3\xb4te) in Jeddah, Makkah https://t.co/V5FpUjW5sR https://t.co/CTmXvrlLLp"""
2020-12-16 18:24:27,brTKtq8E5T9n4iK,65,b'@emyhatem5 @darksid47580301  @Ergun99075094  @M444Mn  @JohnnyS44076973  @jooj_jeddah  @mohammedalshoh9\xe2\x80\xa6 https://t.co/eFYQmpIkNZ'
2020-12-16 18:24:25,nano00017,65,b'RT @empirecinemaksa: \xd8\xa3\xd9\x87\xd9\x84 \xd8\xac\xd8\xaf\xd8\xa9 \xd8\xac\xd9\x87\xd8\xb2\xd8\xaa\xd9\x88\xd8\xa7 \xd9\x86\xd9\x81\xd8\xb3\xd9\x83\xd9\x85! \xd9\x8a\xd9\x88\xd9\x85 \xd9\x88\xd8\xa7\xd8\xad\xd8\xaf \xd8\xa8\xd8\xb3 \xf0\x9f\xa4\xa9 \n#\xd8\xb3\xd9\x8a\xd9\x86\xd9\x85\xd8\xa7 #\xd8\xac\xd9\x8a\xd8\xb2\xd8\xa7\xd9\x86 #\xd8\xb3\xd8\xb9\xd9\x88\xd8\xaf\xd9\x8a\xd8\xa9 #\xd8\xa7\xd9\x85\xd8\xa8\xd8\xa7\xd9\x8a\xd8\xb1_\xd8\xa7\xd9\x84\xd8\xb3\xd8\xb9\xd9\x88\xd8\xaf\xd9\x8a\xd8\xa9 #ksa #\xd8\xa7\xd9\x84\xd8\xb3\xd8\xb9\xd9\x88\xd8\xaf\xd9\x8a\xd8\xa9 #EmpireCinemas #SaudiArabia\xe2\x80\xa6'
2020-12-16 18:23:02,as_aishaz,5,b'i missed the beach #jeddah https://t.co/J4kJ2qPC0c'
2020-12-16 18:22:55,hend_abdulaziz,75,"b'\xd8\xb3\xd9\x88\xd8\xaf\xd8\xa7\xd8\xa1 \xd9\x83\xd8\xb7\xd8\xb9\xd9\x86\xd8\xa9 \xd8\xa3\xd9\x82\xd8\xb1\xd8\xa8 \xd8\xa7\xd9\x84\xd9\x86\xd8\xa7\xd8\xb3 \xd8\xa5\xd9\x84\xd9\x8a\xd9\x83.. \n \xd9\x81\xd9\x84\xd8\xa7 \xd8\xaa\xd8\xa3\xd9\x85\xd9\x86\xd9\x86 \xd9\x8a\xd8\xa7\xd8\xb5\xd8\xa7\xd8\xad\xd8\xa8\xd9\x8a @ Jeddah, Saudi Arabia https://t.co/ZdiwGcrw5t'"
2020-12-16 18:22:48,ittihad_jeddah_,130,b'@m_bukairy \xd8\xab\xd9\x85 \xd8\xa7\xd8\xb4\xd9\x88\xd9\x8a\xd9\x87'
2020-12-16 18:22:25,maa_jeddah,2116,b'@b5ntalazzm @Abudlim1 \xd8\xa7\xd8\xaa\xd9\x81\xd9\x82 \xd9\x85\xd8\xb9\xd8\xa7\xd9\x83'
2020-12-16 18:21:07,Pussyca22267435,3,b'Jeddah massage VIP\nWhatsApp+966569737968 https://t.co/pRvEziFttE'
2020-12-16 18:20:25,a001216,150,b'RT @AMHAlShareef: \xd9\x85\xd8\xa8\xd9\x84\xd8\xba  500  \xd8\xb1\xd9\x8a\xd8\xa7\xd9\x84 \xd9\x84\xd9\x81\xd8\xa7\xd8\xa6\xd8\xb2 \xd9\x88\xd8\xa7\xd8\xad\xd8\xaf\n\xe2\x96\xaa\xef\xb8\x8f \xd8\xa7\xd9\x84\xd9\x85\xd8\xb7\xd9\x84\xd9\x88\xd8\xa8 \n\xd9\x85\xd8\xaa\xd8\xa7\xd8\xa8\xd8\xb9\xd8\xa9 \xd8\xa7\xd9\x84\xd8\xad\xd8\xb3\xd8\xa7\xd8\xa8    @vibes_jeddah\n\n\xd8\xa7\xd9\x84\xd8\xb3\xd8\xad\xd8\xa8 \xd9\x85\xd9\x86 \xd8\xa7\xd9\x84\xd8\xb1\xd9\x8a\xd8\xaa\xd9\x88\xd9\x8a\xd8\xaa \xd9\x81\xd9\x8a \xd8\xa3\xd9\x82\xd9\x84\xd8\xa7\xd9\x85 \xd9\x88\xd8\xa3\xd8\xb9\xd9\x84\xd8\xa7\xd9\x85 \xd8\xae\xd9\x84\xd8\xa7\xd9\x84 24  \xd8\xb3\xd8\xa7\xd8\xb9\xd8\xa9'
2020-12-16 18:19:56,ghufranm_,898,"b'Vacation (@ Broots Coffee &amp; Cocoa in Jeddah, JEDDAH) https://t.co/y1JbjWLvMP'"
2020-12-16 18:19:48,cafe1945,1192,b'RT @Osamah_333: \xd9\x85\xd8\xb4\xd8\xb1\xd9\x88\xd8\xb9 \xd8\xaa\xd8\xb7\xd9\x88\xd9\x8a\xd8\xb1 \xd9\x85\xd9\x86\xd8\xaa\xd8\xac\xd8\xb9 \xd8\xa7\xd9\x84\xd9\x86\xd8\xae\xd9\x8a\xd9\x84 \xd9\x85\xd9\x83\xd8\xa7\xd8\xb1\xd9\x85 \xd8\xa8\xd9\x85\xd9\x86\xd8\xb7\xd9\x82\xd8\xa9 \xd8\xa7\xd8\xa8\xd8\xad\xd8\xb1 \xd8\xa7\xd9\x84\xd8\xb4\xd9\x85\xd8\xa7\xd9\x84\xd9\x8a\xd8\xa9 \xd9\x81\xd9\x8a #\xd8\xac\xd8\xaf\xd8\xa9  #Jeddah @jeddahnews_ https://t.co/VZZ1sJllEr'
2020-12-16 18:19:37,mzajy_jeddah,460,b'RT @mktassf: \xd9\x88\xd9\x84\xd8\xa7\xd8\xa1 \xd9\xa9\xd9\xa9% \xd9\x85\xd9\x86 \xd9\x8a\xd8\xaf\xd9\x91\xd8\xb9\xd9\x88\xd9\x86 \xd9\x86\xd8\xb3\xd8\xa8\xd9\x87\xd9\x85 \xd9\x84\xd8\xa2\xd9\x84 \xd8\xa7\xd9\x84\xd8\xa8\xd9\x8a\xd8\xaa \xd9\x83\xd8\xb0\xd8\xa8\xd8\xa7\xd9\x8b \xd9\x88\xd8\xb2\xd9\x88\xd8\xb1\xd8\xa7\xd9\x8b \xd9\x84\xd8\xb3\xd9\x8a\xd8\xaf\xd9\x87\xd9\x85 \xd8\xb9\xd8\xa8\xd8\xaf \xd8\xa7\xd9\x84\xd9\x85\xd9\x84\xd9\x83 \xd8\xa7\xd9\x84\xd8\xad\xd9\x88\xd8\xab\xd9\x8a.\n\n\xd9\x84\xd8\xa7 \xd8\xa8\xd8\xaf \xd9\x85\xd9\x86 \xd9\x88\xd8\xb6\xd8\xb9 \xd8\xa7\xd9\x84\xd9\x86\xd9\x82\xd8\xa7\xd8\xb7 \xd8\xb9\xd9\x84\xd9\x89 \xd8\xa7\xd9\x84\xd8\xad\xd8\xb1\xd9\x88\xd9\x81 \xd9\x88\xd9\x85\xd8\xb9\xd8\xb1\xd9\x81\xd8\xa9 \xd8\xb9\xd8\xaf\xd9\x88\xd9\x86\xd8\xa7 \xd9\x88\xd8\xa7\xd9\x84\xd8\xa3\xd9\x85\xd8\xa7\xd9\x83\xd9\x86\xe2\x80\xa6'
2020-12-16 18:18:42,AMORI_JEDDAH,649,b'\xd8\xad\xd9\x85\xd8\xaf\xd8\xa7\xd9\x84\xd9\x84\xd9\x87 \xd9\x85\xd8\xb1\xd8\xb1\xd8\xb1\xd8\xb1\xd8\xb1\xd8\xa9 \xd8\xb5\xd8\xa7\xd8\xb1 \xd8\xb4\xd8\xa7\xd9\x8a\xd9\x81 \xd9\x86\xd9\x81\xd8\xb3\xd9\x88 \xf0\x9f\x98\x92\xf0\x9f\x98\x92\xf0\x9f\x98\x92\n\n#\xd8\xa7\xd9\x84\xd9\x86\xd8\xb5\xd8\xb1_\xd8\xa7\xd9\x84\xd8\xb1\xd8\xa7\xd9\x8a\xd8\xaf https://t.co/U8b9dkqU5r'
2020-12-16 18:18:33,MKhoshaim,192,b'RT @baamerfaris: The problem with Jeddah is it\xe2\x80\x99s literally 100 diff cafes and restaurants with the same menus and nothing else to do'
2020-12-16 18:18:06,Shinr72418554,7,b'Massage #jeddah am doing a very good service with happy ending just call me now 0561045284 please am available now 0561045284'
2020-12-16 18:18:02,Jeddah_jobs1,26968,b'\xd9\x85\xd8\xb7\xd9\x84\xd9\x88\xd8\xa8 \xd8\xb7\xd8\xa8\xd9\x8a\xd8\xa8 \xd8\xb9\xd8\xa7\xd9\x85 \n\xd8\xa7\xd9\x84\xd8\xb3\xd8\xb9\xd9\x88\xd8\xaf\xd9\x8a\xd8\xa9\nhttps://t.co/uCDskc2IPm'
2020-12-16 18:17:59,Sharifakgmailc1,13,b'Gdevening to you all am here doing massage services \n#massge body to body\n#massage with happy ending\nOnly in jeddah find 0540379537'
2020-12-16 18:17:03,deolhonofront,1428,b'\xf0\x9f\x87\xae\xf0\x9f\x87\xb7 \xf0\x9f\x87\xb8\xf0\x9f\x87\xa6 IR\xc3\x83 SE OP\xc3\x95E \xc3\x80 SABOTAGEM MAR\xc3\x8dTIMA NA AR\xc3\x81BIA SAUDITA\n\nReuters: O Ir\xc3\xa3 disse na quarta-feira que \xc3\xa9 contra qualque\xe2\x80\xa6 https://t.co/BYvu4W9QbK'
2020-12-16 18:16:54,Hisham_Basamh,1769,"b""I'm at Brgr Room in Jeddah, Makkah https://t.co/96Q09oLnKJ"""
2020-12-16 18:16:47,abo_fawwaz1394,103,b'RT @5a1di: Saudi Customs foiled an attempt to smuggle more than 8 million Captagon pills which was shipped from Turkey to Jeddah port. http\xe2\x80\xa6'
2020-12-16 18:16:15,F65383133,85,b'RT @AshjanNajdSA: \xd9\x8a\xd9\x82\xd9\x88\xd9\x84\xd9\x88\xd9\x86  #\xd8\xac\xd8\xaf\xd8\xa9 \xd8\xba\xd9\x8a\xd8\xb1 \xd9\x88 \xd8\xad\xd9\x86\xd8\xa7 \xd9\x83\xd9\x85\xd8\xa7\xd9\x86 \xd9\x86\xd9\x82\xd9\x88\xd9\x84 #\xd8\xa7\xd8\xb3\xd8\xb9\xd8\xa7\xd8\xb1\xd9\x86\xd8\xa7 \xd8\xba\xd9\x8a\xd8\xb1..\n\xd8\xa7\xd8\xb3\xd8\xaa\xd8\xa7\xd8\xac\xd8\xb1 \xd8\xa7\xd9\x84\xd8\xa7\xd9\x86 #\xd9\x87\xd9\x8a\xd9\x88\xd9\x86\xd8\xaf\xd8\xa7\xd9\x8a #\xd8\xa7\xd9\x84\xd9\x86\xd8\xaa\xd8\xb1\xd8\xa72021 \xd9\x85\xd9\x86 #\xd8\xb4\xd8\xb1\xd9\x83\xd8\xa9_\xd8\xa7\xd8\xb4\xd8\xac\xd8\xa7\xd9\x86_\xd9\x86\xd8\xac\xd8\xaf_\xd9\x84\xd8\xaa\xd8\xa7\xd8\xac\xd9\x8a\xd8\xb1_\xd8\xa7\xd9\x84\xd8\xb3\xd9\x8a\xd8\xa7\xd8\xb1\xd8\xa7\xd8\xaa \xd8\xa8\xd8\xa7\xd9\x82\xd9\x84\xe2\x80\xa6'
2020-12-16 18:16:14,ParisGalleryKSA,14295,b'\xd8\xa7\xd8\xac\xd8\xb9\xd9\x84 \xd8\xb4\xd9\x87\xd8\xb1 \xd8\xaf\xd9\x8a\xd8\xb3\xd9\x85\xd9\x8a\xd8\xb1 \xd8\xb4\xd9\x87\xd8\xb1 \xd9\x84\xd8\xa7 \xd9\x8a\xd9\x86\xd8\xb3\xd9\x89 \xd9\x85\xd8\xb9 \xd8\xa2\xd8\xba\xd9\x86\xd8\xb1\nMake it a December to Remember with AIGNER watches\n\n#Watch #ParisGallery\xe2\x80\xa6 https://t.co/ZqiSmZnnj9'
2020-12-16 18:15:55,Jax711,36,"b""I'm at Blue Bash in Jeddah, Makkah https://t.co/lBeC3xpg68"""
2020-12-16 18:15:55,aloosh_jeddah,2122,b'@MamdoohRadadi \xd8\xa8\xd8\xb3\xd9\x86\xd8\xaa \xd8\xa8\xd8\xa7\xd8\xb9\xd8\xaa\xd9\x87\xd9\x85 \xd8\xa8\xd8\xb3\xd9\x86\xd8\xaa \xf0\x9f\x98\x82'
2020-12-16 18:15:54,samaa_m0,348,b'RT @AshjanNajdSA: \xd9\x8a\xd9\x82\xd9\x88\xd9\x84\xd9\x88\xd9\x86  #\xd8\xac\xd8\xaf\xd8\xa9 \xd8\xba\xd9\x8a\xd8\xb1 \xd9\x88 \xd8\xad\xd9\x86\xd8\xa7 \xd9\x83\xd9\x85\xd8\xa7\xd9\x86 \xd9\x86\xd9\x82\xd9\x88\xd9\x84 #\xd8\xa7\xd8\xb3\xd8\xb9\xd8\xa7\xd8\xb1\xd9\x86\xd8\xa7 \xd8\xba\xd9\x8a\xd8\xb1..\n\xd8\xa7\xd8\xb3\xd8\xaa\xd8\xa7\xd8\xac\xd8\xb1 \xd8\xa7\xd9\x84\xd8\xa7\xd9\x86 #\xd9\x87\xd9\x8a\xd9\x88\xd9\x86\xd8\xaf\xd8\xa7\xd9\x8a #\xd8\xa7\xd9\x84\xd9\x86\xd8\xaa\xd8\xb1\xd8\xa72021 \xd9\x85\xd9\x86 #\xd8\xb4\xd8\xb1\xd9\x83\xd8\xa9_\xd8\xa7\xd8\xb4\xd8\xac\xd8\xa7\xd9\x86_\xd9\x86\xd8\xac\xd8\xaf_\xd9\x84\xd8\xaa\xd8\xa7\xd8\xac\xd9\x8a\xd8\xb1_\xd8\xa7\xd9\x84\xd8\xb3\xd9\x8a\xd8\xa7\xd8\xb1\xd8\xa7\xd8\xaa \xd8\xa8\xd8\xa7\xd9\x82\xd9\x84\xe2\x80\xa6'
2020-12-16 18:15:54,Sharon60814187,10,b'Massage and escorts in jeddah watsapp me on 0540640145 https://t.co/FloA7bYvV8'
2020-12-16 18:15:49,767c398cc66b420,78,b'RT @AMHAlShareef: \xd9\x85\xd8\xa8\xd9\x84\xd8\xba  500  \xd8\xb1\xd9\x8a\xd8\xa7\xd9\x84 \xd9\x84\xd9\x81\xd8\xa7\xd8\xa6\xd8\xb2 \xd9\x88\xd8\xa7\xd8\xad\xd8\xaf\n\xe2\x96\xaa\xef\xb8\x8f \xd8\xa7\xd9\x84\xd9\x85\xd8\xb7\xd9\x84\xd9\x88\xd8\xa8 \n\xd9\x85\xd8\xaa\xd8\xa7\xd8\xa8\xd8\xb9\xd8\xa9 \xd8\xa7\xd9\x84\xd8\xad\xd8\xb3\xd8\xa7\xd8\xa8    @vibes_jeddah\n\n\xd8\xa7\xd9\x84\xd8\xb3\xd8\xad\xd8\xa8 \xd9\x85\xd9\x86 \xd8\xa7\xd9\x84\xd8\xb1\xd9\x8a\xd8\xaa\xd9\x88\xd9\x8a\xd8\xaa \xd9\x81\xd9\x8a \xd8\xa3\xd9\x82\xd9\x84\xd8\xa7\xd9\x85 \xd9\x88\xd8\xa3\xd8\xb9\xd9\x84\xd8\xa7\xd9\x85 \xd8\xae\xd9\x84\xd8\xa7\xd9\x84 24  \xd8\xb3\xd8\xa7\xd8\xb9\xd8\xa9'
2020-12-16 18:15:22,mazbinafif,5650,b'@haitham905 @aloosh_jeddah @OfficialUoM \xf0\x9f\x99\x8f\xf0\x9f\x8f\xbc\xf0\x9f\xa5\xb0\xf0\x9f\x99\x8f\xf0\x9f\x8f\xbc'
2020-12-16 18:14:49,haitham905,645,b'@mazbinafif @aloosh_jeddah @OfficialUoM \xd9\x85\xd8\xa7\xd8\xb2\xd9\x86 \xe2\x9d\xa4\xef\xb8\x8f\xe2\x9d\xa4\xef\xb8\x8f'
2020-12-16 18:14:44,AsiriRehab,22,b'@Jeddah_jobs\xd8\xa7\xd8\xb9\xd9\x84\xd8\xa7\xd9\x86 \xd8\xaa\xd9\x88\xd8\xb8\xd9\x8a\xd9\x81 \xd9\x81\xd9\x88\xd8\xb1\xd9\x8a\n\n\xd9\x85\xd8\xb7\xd9\x84\xd9\x88\xd8\xa8 \xd9\x81\xd9\x88\xd8\xb1\xd8\xa7 \xd9\x88\xd8\xa8\xd8\xb4\xd9\x83\xd9\x84 \xd8\xb9\xd8\xa7\xd8\xac\xd9\x84 :\n\n1. \xd9\x86\xd8\xa7\xd8\xa6\xd8\xa8 \xd8\xa7\xd9\x88\xd9\x84 \xd8\xb7\xd9\x88\xd8\xa7\xd8\xb1\xd8\xa6 - \xd9\x86\xd8\xa7\xd8\xa6\xd8\xa8 \xd8\xb7\xd9\x88\xd8\xa7\xd8\xb1\xd8\xa6- \xd8\xa7\xd8\xb3\xd8\xaa\xd8\xb4\xd8\xa7\xd8\xb1\xd9\x8a \xd8\xa8\xd8\xa7\xd8\xb7\xd9\x86\xd9\x87 - \xd8\xa7\xd8\xb3\xd8\xaa\xd8\xb4\xd8\xa7\xd8\xb1\xd9\x8a \xd9\x86\xd8\xb3\xd8\xa7\xd8\xa1\xe2\x80\xa6 https://t.co/esMZD6SMxK'
2020-12-16 18:14:26,RealthingUlli,3611,"b'Das ist kein Krimi, das ist reale t\xc3\xbcrkische Kriminalit\xc3\xa4t: \xf0\x9f\x94\xa5Der saudische Zoll vereitelte den Versuch, mehr als 8 Mi\xe2\x80\xa6 https://t.co/KsT6SUNWef'"
2020-12-16 18:14:18,mzajy_jeddah,460,b'RT @saudix7m: \xd9\x87\xd9\x87\xd9\x87\xd9\x87\xd9\x87\xd9\x87\xd9\x87\xd9\x87\xd9\x87\xd9\x87\n\n\xd8\xaf\xd9\x82 \xd8\xb9\xd9\x84\xd9\x89 \xd8\xb9\xd9\x85\xd8\xaa\xd9\x83 \xd8\xaa\xd8\xb4\xd8\xaa\xd9\x8a... \xd9\x88\xd8\xa7\xd8\xb9\xd9\x85\xd9\x84 \xd9\x85\xd8\xb9\xd9\x87\xd8\xa7 \xd8\xaa\xd8\xb5\xd8\xb9\xd9\x8a\xd8\xaf \xd8\xb9\xd8\xa7\xd9\x82\xd9\x84 \xd9\x84\xd9\x84\xd9\x85\xd9\x88\xd8\xb6\xd9\x88\xd8\xb9\xf0\x9f\x91\x8d\xf0\x9f\x8f\xbc https://t.co/2uQaTZhxGk'
2020-12-16 18:14:18,rkaji,1917,b'RT @AuroraIntel: Video of Panamax tanker BW RHINE on fire earlier this week after the Reported Water Borne Improvised Explosive Device (WBI\xe2\x80\xa6'
2020-12-16 18:14:14,mzajy_jeddah,460,b'RT @saudix7m: @zxjoly \xd9\x85\xd8\xa7\xd9\x81\xd9\x8a\xd9\x87 \xd8\xa7\xd9\x84\xd8\xa7 \xd9\x87\xd9\x82\xd9\x8a\xd9\x82  \n\n#\xd8\xaa\xd8\xb4\xd8\xaa\xd9\x8a\xd8\xa7\xd8\xaa https://t.co/uXjV1J12C8'
2020-12-16 18:14:05,mzajy_jeddah,460,b'RT @saudix7m: \xd9\x87\xd9\x87\xd9\x87\xd9\x87\xd9\x87\xd9\x87\xd9\x87\xd9\x87\xd9\x87\n\n\xd8\xb7\xd9\x8a\xd8\xa8 \xd9\x84\xd9\x8a\xd9\x87 \xd9\x85\xd8\xa7\xd8\xaa\xd8\xaf\xd9\x82 \xd8\xb9\xd9\x84\xd9\x89 \xd8\xb9\xd9\x85\xd8\xaa\xd9\x83 \xd8\xaa\xd8\xb4\xd8\xaa\xd9\x8a...\xd9\x88\xd8\xaa\xd8\xb5\xd8\xb9\xd8\xaf \xd8\xa7\xd9\x84\xd9\x85\xd9\x88\xd8\xb6\xd9\x88\xd8\xb9 \xd9\x85\xd8\xb9\xd9\x87\xd9\x85 \xf0\x9f\x91\x8d\xf0\x9f\x8f\xbc https://t.co/cCNJFauTJP'
2020-12-16 18:14:02,mzajy_jeddah,460,b'RT @saudix7m: #\xd8\xa7\xd9\x85\xd8\xa7\xd9\x86\xd9\x8a_\xd8\xa7\xd9\x84\xd8\xb2\xd9\x8a\xd9\x86_\xd8\xaa\xd8\xb3\xd9\x8a_\xd9\x84\xd9\x88\xd9\x84\xd9\x8a_\xd8\xa7\xd9\x84\xd8\xb9\xd9\x87\xd8\xaf\n\n\xd9\x81\xd9\x88\xd8\xa7\xd8\xa6\xd8\xaf \xd8\xa7\xd9\x84\xd8\xaa\xd9\x86\xd8\xa8\xd9\x8a\xd8\xb4\n\n\xd9\x85\xd8\xb9\xd8\xb1\xd9\x81\xd8\xa9 \xd8\xa7\xd9\x84\xd8\xad\xd9\x82\xd9\x8a\xd9\x82\xd8\xa9...\xd8\xaa\xd8\xb7\xd9\x87\xd9\x8a\xd8\xb1 \xd8\xaa\xd9\x88\xd9\x8a\xd8\xaa\xd8\xb1...\xd8\xa7\xd8\xb2\xd8\xb9\xd8\xa7\xd8\xac \xd8\xa7\xd9\x84\xd9\x85\xd9\x81\xd8\xb3\xd8\xaf\xd9\x8a\xd9\x86 \xd9\x88\xd8\xa7\xd9\x84\xd9\x85\xd8\xb1\xd8\xac\xd9\x81\xd9\x8a\xd9\x86\n\n@bip_ksa @pss_ar @ce_pss\xe2\x80\xa6'
2020-12-16 18:13:57,mazbinafif,5650,b'@aloosh_jeddah @OfficialUoM \xf0\x9f\x99\x8f\xf0\x9f\x8f\xbc\xe2\x98\xba\xef\xb8\x8f\xf0\x9f\x99\x8f\xf0\x9f\x8f\xbc'
2020-12-16 18:13:56,Lynn94567452,2,b'Massage#jeddah massage am making Avery good massage full service just come and enjoy yourself please call me now 0546221480'
2020-12-16 18:13:28,ansama0d,925,b'RT @5a1di: Saudi Customs foiled an attempt to smuggle more than 8 million Captagon pills which was shipped from Turkey to Jeddah port. http\xe2\x80\xa6'
2020-12-16 18:13:06,neps_jeddah,1399,b'#\xd8\xaa\xd8\xb9\xd9\x84\xd9\x8a\xd9\x85_\xd8\xac\xd8\xaf\xd8\xa9 https://t.co/BxtWXAauqn'
2020-12-16 18:13:02,colonelhomsi,2810,b'video showing the fire on the oil tanker BW Rhine caused by an attack by a suicide ship from Houthis in Jeddah.. https://t.co/C0ugXL3Xud'
2020-12-16 18:12:37,tUI4uRA8hAKT1Zm,971,b'RT @AMHAlShareef: \xd9\x85\xd8\xa8\xd9\x84\xd8\xba  500  \xd8\xb1\xd9\x8a\xd8\xa7\xd9\x84 \xd9\x84\xd9\x81\xd8\xa7\xd8\xa6\xd8\xb2 \xd9\x88\xd8\xa7\xd8\xad\xd8\xaf\n\xe2\x96\xaa\xef\xb8\x8f \xd8\xa7\xd9\x84\xd9\x85\xd8\xb7\xd9\x84\xd9\x88\xd8\xa8 \n\xd9\x85\xd8\xaa\xd8\xa7\xd8\xa8\xd8\xb9\xd8\xa9 \xd8\xa7\xd9\x84\xd8\xad\xd8\xb3\xd8\xa7\xd8\xa8    @vibes_jeddah\n\n\xd8\xa7\xd9\x84\xd8\xb3\xd8\xad\xd8\xa8 \xd9\x85\xd9\x86 \xd8\xa7\xd9\x84\xd8\xb1\xd9\x8a\xd8\xaa\xd9\x88\xd9\x8a\xd8\xaa \xd9\x81\xd9\x8a \xd8\xa3\xd9\x82\xd9\x84\xd8\xa7\xd9\x85 \xd9\x88\xd8\xa3\xd8\xb9\xd9\x84\xd8\xa7\xd9\x85 \xd8\xae\xd9\x84\xd8\xa7\xd9\x84 24  \xd8\xb3\xd8\xa7\xd8\xb9\xd8\xa9'
2020-12-16 18:12:15,6nouv,179,b'Jeddah \xf0\x9f\x92\x99. https://t.co/KBC5d0QO7f'
2020-12-16 18:12:03,Shamimu17427446,1,b'Am professional in doing massage#Body to body massage#Jeddah full massage service#0540217261'
2020-12-16 18:11:54,jeddah_restcam,23,b'\xd9\x85\xd9\x86 \xd8\xa7\xd9\x84\xd8\xae\xd8\xa7\xd8\xb5\xe2\x81\x89\xef\xb8\x8f\n\n\xd8\xa7\xd8\xb3\xd8\xa3\xd9\x84 \xd9\x84\xd9\x8a \xd9\x85\xd8\xaa\xd8\xa7\xd8\xa8\xd8\xb9\xd9\x8a\xd9\x86\xd9\x83 \xd8\xb9\xd9\x86 \xd8\xa3\xd9\x81\xd8\xb6\xd9\x84 \xd8\xa7\xd9\x84\xd8\xa3\xd9\x85\xd8\xa7\xd9\x83\xd9\x86 \xd9\x84\xd8\xa3\xd9\x84\xd8\xb9\xd8\xa7\xd8\xa8 \xd8\xa7\xd9\x84\xd8\xa3\xd8\xb7\xd9\x81\xd8\xa7\xd9\x84 \xd9\x85\xd9\x86 \xd8\xb3\xd9\x86 \xd9\xa3\xd8\xb3\xd9\x86\xd9\x88\xd8\xa7\xd8\xaa \xd9\x88\xd8\xaa\xd8\xad\xd8\xaa \xd8\x9f \n\n#\xd8\xa7\xd8\xb3\xd8\xa3\xd9\x84_\xd8\xac\xd8\xaf\xd9\x87'
2020-12-16 18:11:49,_rahaff98,1122,"b""I'm at Starbucks in Jeddah, Makkah https://t.co/SLTI7JtSPe"""
2020-12-16 18:11:26,imane77777,260,b'RT @AMHAlShareef: \xd9\x85\xd8\xa8\xd9\x84\xd8\xba  500  \xd8\xb1\xd9\x8a\xd8\xa7\xd9\x84 \xd9\x84\xd9\x81\xd8\xa7\xd8\xa6\xd8\xb2 \xd9\x88\xd8\xa7\xd8\xad\xd8\xaf\n\xe2\x96\xaa\xef\xb8\x8f \xd8\xa7\xd9\x84\xd9\x85\xd8\xb7\xd9\x84\xd9\x88\xd8\xa8 \n\xd9\x85\xd8\xaa\xd8\xa7\xd8\xa8\xd8\xb9\xd8\xa9 \xd8\xa7\xd9\x84\xd8\xad\xd8\xb3\xd8\xa7\xd8\xa8    @vibes_jeddah\n\n\xd8\xa7\xd9\x84\xd8\xb3\xd8\xad\xd8\xa8 \xd9\x85\xd9\x86 \xd8\xa7\xd9\x84\xd8\xb1\xd9\x8a\xd8\xaa\xd9\x88\xd9\x8a\xd8\xaa \xd9\x81\xd9\x8a \xd8\xa3\xd9\x82\xd9\x84\xd8\xa7\xd9\x85 \xd9\x88\xd8\xa3\xd8\xb9\xd9\x84\xd8\xa7\xd9\x85 \xd8\xae\xd9\x84\xd8\xa7\xd9\x84 24  \xd8\xb3\xd8\xa7\xd8\xb9\xd8\xa9'
2020-12-16 18:10:36,jeddah_restcam,23,b'\xd9\x85\xd9\x86 \xd8\xa7\xd9\x84\xd8\xae\xd8\xa7\xd8\xb5 \xe2\x81\x89\xef\xb8\x8f\n\n\xd8\xb3\xd8\xa4\xd8\xa7\xd9\x84 \n\n\xd9\x85\xd8\xad\xd9\x84 \xd8\xa7\xd8\xaa\xd8\xb5\xd8\xa7\xd9\x84\xd8\xa7\xd8\xaa \xd8\xb9\xd9\x86\xd8\xaf\xd9\x87\xd9\x85 \xd8\xae\xd8\xa8\xd8\xb1\xd8\xa9 \xd9\x81\xd9\x8a \xd8\xa7\xd9\x86\xd9\x87\xd9\x85 \xd9\x8a\xd8\xb1\xd8\xac\xd8\xb9\xd9\x88\xd9\x86 \xd9\x84\xd9\x8a \xd8\xa7\xd9\x84\xd8\xb5\xd9\x88\xd8\xb1 \xd9\x88\xd9\x85\xd8\xad\xd8\xa7\xd8\xaf\xd8\xab\xd8\xa7\xd8\xaa \xd8\xa7\xd9\x84\xd9\x88\xd8\xa7\xd8\xaa\xd8\xb3 \xd8\xa7\xd8\xa8 \xd9\x84\xd9\x84\xd8\xac\xd9\x88\xd8\xa7\xd9\x84 \xd8\xa7\xd9\x8a\xd9\x81\xd9\x88\xd9\x86 \xd8\xa7\xd9\x83\xd8\xb3 \xd8\xa7\xd8\xb3\n\n#\xd8\xa7\xd8\xb3\xd8\xa3\xd9\x84_\xd8\xac\xd8\xaf\xd8\xa9'
2020-12-16 18:10:36,Fahod7077,49,b'@Sai_Jeddah \xd9\x84\xd8\xa7 \xd8\xa7\xd8\xac\xd8\xaf \xd9\x84\xd8\xaf\xd9\x8a\xd9\x83\xd9\x85 \xd8\xaf\xd9\x88\xd8\xb1\xd8\xa7\xd8\xaa \xd8\xa7\xd9\x84\xd8\xad\xd8\xa7\xd8\xb3\xd8\xa8 \xd8\xa7\xd9\x84\xd8\xa5\xd9\x84\xd9\x8a'
2020-12-16 18:10:36,khFwGzQpfd04Mdk,3,b'@AMHAlShareef @vibes_jeddah \xf0\x9f\x92\x9e\xd8\xb9\xd8\xb3\xd9\x89 \xd8\xb1\xd8\xa8\xd9\x8a \xd9\x8a\xd8\xac\xd9\x8a\xd8\xa8\xd9\x83 \xd9\x84\xd9\x8a\xe2\x9c\xa8 \xd9\x88 \xd8\xb9\xd9\x8a\xd9\x86 \xd8\xa7\xd9\x84\xd9\x88\xd8\xb5\xd9\x84 \xd8\xaa\xd9\x81\xd8\xb1\xd8\xad \xd8\xa8\xd9\x83\xf0\x9f\x92\x95'
2020-12-16 18:10:06,Shamimu53765097,9,b'Am professional in doing massage #bodytobodymassage #Jeddah_Fullbodymassage 0548629107'
2020-12-16 18:09:27,Rooa25501158,0,b'@tvtc_f_jeddah \xd9\x87\xd9\x84 \xd8\xaa\xd8\xb9\xd9\x86\xd9\x8a \xd8\xa7\xd9\x84\xd8\xb1\xd8\xb3\xd8\xa7\xd9\x84\xd8\xa9 \xd8\xa7\xd9\x86\xd9\x8a \xd8\xa7\xd9\x86\xd9\x82\xd8\xa8\xd9\x84\xd8\xaa \xd9\x86\xd9\x87\xd8\xa7\xd8\xa6\xd9\x8a \xd8\x9f https://t.co/xN40Hpv4aT'
2020-12-16 18:08:32,Dilshad84679801,1,b'@airindiain When is start International flight \xe2\x9c\x88\xef\xb8\x8f from hyderabad to jeddah'
2020-12-16 18:08:19,oFFnEtKi5BzNlsy,3,b'RT @AMHAlShareef: \xd9\x85\xd8\xa8\xd9\x84\xd8\xba  500  \xd8\xb1\xd9\x8a\xd8\xa7\xd9\x84 \xd9\x84\xd9\x81\xd8\xa7\xd8\xa6\xd8\xb2 \xd9\x88\xd8\xa7\xd8\xad\xd8\xaf\n\xe2\x96\xaa\xef\xb8\x8f \xd8\xa7\xd9\x84\xd9\x85\xd8\xb7\xd9\x84\xd9\x88\xd8\xa8 \n\xd9\x85\xd8\xaa\xd8\xa7\xd8\xa8\xd8\xb9\xd8\xa9 \xd8\xa7\xd9\x84\xd8\xad\xd8\xb3\xd8\xa7\xd8\xa8    @vibes_jeddah\n\n\xd8\xa7\xd9\x84\xd8\xb3\xd8\xad\xd8\xa8 \xd9\x85\xd9\x86 \xd8\xa7\xd9\x84\xd8\xb1\xd9\x8a\xd8\xaa\xd9\x88\xd9\x8a\xd8\xaa \xd9\x81\xd9\x8a \xd8\xa3\xd9\x82\xd9\x84\xd8\xa7\xd9\x85 \xd9\x88\xd8\xa3\xd8\xb9\xd9\x84\xd8\xa7\xd9\x85 \xd8\xae\xd9\x84\xd8\xa7\xd9\x84 24  \xd8\xb3\xd8\xa7\xd8\xb9\xd8\xa9'
2020-12-16 18:08:06,Rbntfaisal,381,"b""I'm at Aura Center in Jeddah, Makkah Province https://t.co/hoFO3Ydg3K"""
2020-12-16 18:07:09,Shamimu17427446,1,b'Am professional in doing massage#Body to body massage#jeddah full massage service#0540217261'
2020-12-16 18:06:50,Shakira37738736,4,b'#dating in jeddah inbox me 0566496351 https://t.co/z6ihzYqtGn'
2020-12-16 18:06:39,missb62,10234,b'RT @dmidvar: ICYMI: Iran condemned attack on oil tanker in the Saudi port of Jeddah.'
2020-12-16 18:05:51,EhabAliBakhreba,437,"b""I'm at Jeddah North Corniche in Jeddah, Western Province https://t.co/ersE0sRgfL https://t.co/XCoK0S9xGt"""
2020-12-16 18:05:37,jeddah_boy02,409,b'@OhMySophii Poll'
2020-12-16 18:05:37,sarah13317,6,b'@security_gov @kamnapp @Jeddah_DS \xd8\xad\xd8\xb3\xd8\xa7\xd8\xa8 \xd9\x86\xd8\xb5\xd8\xa7\xd8\xa8 \xd9\x88\xd9\x85\xd8\xad\xd8\xaa\xd8\xa7\xd9\x84'
2020-12-16 18:05:34,AzV0d,60,b'RT @AzV0d: I want a girl to have sex with her pussy. Send me privately . From Jeddah \xf0\x9f\x94\xa5\xf0\x9f\xa6\x8b\n\n#\xd8\xb3\xd8\xa7\xd9\x84\xd8\xa8_\xd8\xac\xd8\xaf\xd9\x87 #\xd9\x82\xd8\xad\xd8\xa7\xd8\xa8_\xd8\xac\xd8\xaf\xd9\x87 #\xd9\x85\xd8\xb9\xd8\xb5\xd9\x8a\xd8\xaa\xd9\x8a_\xd8\xb1I\xd8\xad\xd8\xaa\xd9\x8a #\xd9\x85\xd9\x88\xd8\xac\xd8\xa8_\xd8\xac\xd8\xaf\xd8\xa9 #\xd8\xb3\xd8\xa7\xd9\x84\xd8\xa8_\xe2\x80\xa6'
2020-12-16 18:05:02,jwad134,562,"b""I'm at \xd9\x83\xd9\x84\xd8\xa7\xd9\x88\xd8\xaf \xd9\xa9 in Jeddah, Makkah Province https://t.co/ktRbHum3cu"""
2020-12-16 18:04:56,monzerhakeem,3677,b'RT @5a1di: Saudi Customs foiled an attempt to smuggle more than 8 million Captagon pills which was shipped from Turkey to Jeddah port. http\xe2\x80\xa6'
2020-12-16 18:03:59,3almy_jeddah,9,b'@Abudlim1 \xd8\xa7\xd9\x84\xd9\x81\xd8\xb1\xd9\x8a\xd9\x82 \xd8\xa7\xd8\xb5\xd8\xa8\xd8\xad \xd8\xa7\xd8\xb6\xd8\xad\xd9\x88\xd9\x83\xd9\x87 \xd9\x84\xd9\x84\xd9\x88\xd8\xb3\xd8\xb7 \xd8\xa7\xd9\x84\xd8\xb1\xd9\x8a\xd8\xa7\xd8\xb6\xd9\x8a \n\xd8\xa7\xd9\x86\xd9\x82\xd8\xb0\xd9\x88\xd8\xa7 \xd8\xa7\xd9\x84\xd9\x86\xd8\xb5\xd8\xb1 \xd9\x82\xd8\xa8\xd9\x84 \xd9\x81\xd9\x88\xd8\xa7\xd8\xaa \xd8\xa7\xd9\x84\xd8\xa3\xd9\x88\xd8\xa7\xd9\x86'
2020-12-16 18:03:24,zeyad_ri,1410,b'\xd9\x81\xd8\xb9\xd8\xa7\xd9\x84\xd9\x8a\xd8\xa7\xd8\xaa (@ Dr. Hani Ragaban Polyclinic in Jeddah) https://t.co/oea3BFJryM'
2020-12-16 18:03:16,w___wwww,2,b'@AMHAlShareef @vibes_jeddah \xd9\x85\xd9\x88\xd9\x81\xd9\x82\xd9\x8a\xd9\x86'
2020-12-16 18:03:12,w___wwww,2,b'RT @AMHAlShareef: \xd9\x85\xd8\xa8\xd9\x84\xd8\xba  500  \xd8\xb1\xd9\x8a\xd8\xa7\xd9\x84 \xd9\x84\xd9\x81\xd8\xa7\xd8\xa6\xd8\xb2 \xd9\x88\xd8\xa7\xd8\xad\xd8\xaf\n\xe2\x96\xaa\xef\xb8\x8f \xd8\xa7\xd9\x84\xd9\x85\xd8\xb7\xd9\x84\xd9\x88\xd8\xa8 \n\xd9\x85\xd8\xaa\xd8\xa7\xd8\xa8\xd8\xb9\xd8\xa9 \xd8\xa7\xd9\x84\xd8\xad\xd8\xb3\xd8\xa7\xd8\xa8    @vibes_jeddah\n\n\xd8\xa7\xd9\x84\xd8\xb3\xd8\xad\xd8\xa8 \xd9\x85\xd9\x86 \xd8\xa7\xd9\x84\xd8\xb1\xd9\x8a\xd8\xaa\xd9\x88\xd9\x8a\xd8\xaa \xd9\x81\xd9\x8a \xd8\xa3\xd9\x82\xd9\x84\xd8\xa7\xd9\x85 \xd9\x88\xd8\xa3\xd8\xb9\xd9\x84\xd8\xa7\xd9\x85 \xd8\xae\xd9\x84\xd8\xa7\xd9\x84 24  \xd8\xb3\xd8\xa7\xd8\xb9\xd8\xa9'
2020-12-16 18:02:48,Mm_Mm14,252,b'RT @AMHAlShareef: \xd9\x85\xd8\xa8\xd9\x84\xd8\xba  500  \xd8\xb1\xd9\x8a\xd8\xa7\xd9\x84 \xd9\x84\xd9\x81\xd8\xa7\xd8\xa6\xd8\xb2 \xd9\x88\xd8\xa7\xd8\xad\xd8\xaf\n\xe2\x96\xaa\xef\xb8\x8f \xd8\xa7\xd9\x84\xd9\x85\xd8\xb7\xd9\x84\xd9\x88\xd8\xa8 \n\xd9\x85\xd8\xaa\xd8\xa7\xd8\xa8\xd8\xb9\xd8\xa9 \xd8\xa7\xd9\x84\xd8\xad\xd8\xb3\xd8\xa7\xd8\xa8    @vibes_jeddah\n\n\xd8\xa7\xd9\x84\xd8\xb3\xd8\xad\xd8\xa8 \xd9\x85\xd9\x86 \xd8\xa7\xd9\x84\xd8\xb1\xd9\x8a\xd8\xaa\xd9\x88\xd9\x8a\xd8\xaa \xd9\x81\xd9\x8a \xd8\xa3\xd9\x82\xd9\x84\xd8\xa7\xd9\x85 \xd9\x88\xd8\xa3\xd8\xb9\xd9\x84\xd8\xa7\xd9\x85 \xd8\xae\xd9\x84\xd8\xa7\xd9\x84 24  \xd8\xb3\xd8\xa7\xd8\xb9\xd8\xa9'
2020-12-16 18:02:44,3almy_jeddah,9,b'#\xd8\xa7\xd9\x84\xd9\x86\xd8\xb5\xd8\xb1_I\xd9\x84\xd8\xb1\xd8\xa7\xd9\x8a\xd8\xaf\n\xd9\x85\xd8\xa7\xd9\x8a\xd8\xad\xd8\xaf\xd8\xab \xd9\x84\xd9\x84\xd9\x86\xd8\xb5\xd8\xb1 \xd9\x87\xd9\x8a \xd8\xa3\xd8\xb9\xd8\xb1\xd8\xa7\xd8\xb6 \xd8\xa7\xd9\x86\xd8\xb3\xd8\xad\xd8\xa7\xd8\xa8\xd9\x8a\xd9\x87 \xd9\x84\xd9\x84\xd9\x85\xd9\x81\xd8\xb7\xd8\xad\xd8\xa7\xd8\xaa \n\xd8\xa7\xd9\x84\xd9\x86\xd8\xa7\xd8\xaf\xd9\x8a \xd9\x8a\xd8\xad\xd8\xaa\xd8\xa7\xd8\xac \xd8\xb9\xd9\x85\xd9\x84 \xd8\xa5\xd8\xaf\xd8\xa7\xd8\xb1\xd9\x8a \xd8\xb5\xd8\xa7\xd8\xb1\xd9\x85 \n\xd8\xa7\xd9\x84\xd9\x84\xd8\xa7\xd8\xb9\xd8\xa8\xd9\x8a\xd9\x86 \xd9\x8a\xd8\xaa\xd9\x87\xd8\xa7\xd9\x88\xd8\xb4\xd9\x88\xd9\x86 \xd9\x85\xd8\xb9 \xd8\xa8\xd8\xb9\xd8\xb6 \xd9\x88\xd8\xa7\xd8\xb6\xd8\xad \xd8\xa7\xd9\x84\xd9\x88\xd8\xb6\xd8\xb9 \xd8\xa7\xd9\x84\xd9\x86\xd9\x81\xd8\xb3\xd9\x8a \xd8\xa7\xd9\x84\xd9\x85\xd8\xad\xd8\xb7\xd9\x85'
2020-12-16 18:02:30,Emily76976005,331,b'RT @Emily76976005: Massage available now\n0545536356 watsap me\n#jeddah_massage\n#bodytobodymassage\n#FullBodyMassage\n#jeddahescort\n#massagethe\xe2\x80\xa6'
2020-12-16 18:02:09,sabbarahx,1,b'RT @AMHAlShareef: \xd9\x85\xd8\xa8\xd9\x84\xd8\xba  500  \xd8\xb1\xd9\x8a\xd8\xa7\xd9\x84 \xd9\x84\xd9\x81\xd8\xa7\xd8\xa6\xd8\xb2 \xd9\x88\xd8\xa7\xd8\xad\xd8\xaf\n\xe2\x96\xaa\xef\xb8\x8f \xd8\xa7\xd9\x84\xd9\x85\xd8\xb7\xd9\x84\xd9\x88\xd8\xa8 \n\xd9\x85\xd8\xaa\xd8\xa7\xd8\xa8\xd8\xb9\xd8\xa9 \xd8\xa7\xd9\x84\xd8\xad\xd8\xb3\xd8\xa7\xd8\xa8    @vibes_jeddah\n\n\xd8\xa7\xd9\x84\xd8\xb3\xd8\xad\xd8\xa8 \xd9\x85\xd9\x86 \xd8\xa7\xd9\x84\xd8\xb1\xd9\x8a\xd8\xaa\xd9\x88\xd9\x8a\xd8\xaa \xd9\x81\xd9\x8a \xd8\xa3\xd9\x82\xd9\x84\xd8\xa7\xd9\x85 \xd9\x88\xd8\xa3\xd8\xb9\xd9\x84\xd8\xa7\xd9\x85 \xd8\xae\xd9\x84\xd8\xa7\xd9\x84 24  \xd8\xb3\xd8\xa7\xd8\xb9\xd8\xa9'
2020-12-16 18:01:54,GhaliaTarabeshi,212,"b""I'm at DOTS in Jeddah, Makkah https://t.co/Py8X9AXOls"""
2020-12-16 18:01:38,KO_kun_GODZILLA,622,b'RT @AuroraIntel: Video of Panamax tanker BW RHINE on fire earlier this week after the Reported Water Borne Improvised Explosive Device (WBI\xe2\x80\xa6'
2020-12-16 18:00:42,tinaalh__,111,b'RT @joudanon: rich jeddah kids get bored and start their own fashion line/company'
2020-12-16 18:00:29,wqpw93,62,b'RT @KhTeaching: \xf0\x9f\x94\xb0How...:\n\n\xf0\x9f\x94\xb9\xef\xb8\x8fHow far?\n\xd9\x83\xd9\x85 \xd9\x8a\xd8\xa8\xd8\xb9\xd8\xaf..\xd8\x9f\n\xf0\x9f\x94\xb8\xef\xb8\x8fHow far is Jeddah from Makah?\n\xd9\x83\xd9\x85 \xd8\xaa\xd8\xa8\xd8\xb9\xd8\xaf \xd8\xac\xd8\xaf\xd9\x87 \xd8\xb9\xd9\x86 \xd9\x85\xd9\x83\xd8\xa9\xd8\x9f\n\n\xf0\x9f\x94\xb9\xef\xb8\x8fHow come?\n\xd9\x83\xd9\x8a\xd9\x81 \xd9\x8a\xd8\xb9\xd9\x82\xd9\x84\xd8\x9f\n\xf0\x9f\x94\xb8\xef\xb8\x8fHow come\xc2\xa0you n\xe2\x80\xa6'
2020-12-16 18:00:04,Abir_s0,246,b'@AMHAlShareef @vibes_jeddah \xd8\xb3\xd8\xaa\xd8\xa8\xd9\x82\xd9\x89 \xd9\x81\xd9\x8a \xd8\xaf\xd8\xa7\xd8\xa6\xd8\xb1\xd8\xa9 \xd8\xa7\xd9\x84\xd8\xa3\xd8\xad\xd8\xb2\xd8\xa7\xd9\x86 \xd9\x85\xd8\xa7 \xd8\xaf\xd8\xa7\xd9\x85\xd8\xaa \xd8\xa7\xd9\x84\xd8\xb5\xd9\x84\xd8\xa7\xd8\xa9 \xd9\x84\xd9\x8a\xd8\xb3\xd8\xaa \xd9\x81\xd9\x8a \xd8\xaf\xd8\xa7\xd8\xa6\xd8\xb1\xd8\xa9 \xd8\xa7\xd9\x87\xd8\xaa\xd9\x85\xd8\xa7\xd9\x85\xd9\x83\xd8\x8c \n\xd8\xa7\xd9\x84\xd8\xb5\xd9\x84\xd8\xa7\xd8\xa9 \xd8\xaf\xd8\xa7\xd8\xa6\xd9\x85\xd9\x8b\xd8\xa7 \xd9\x85\xd9\x82\xd8\xb1\xd9\x88\xd9\x86\xd8\xa9 \xd8\xa8\xd8\xa7\xd9\x84\xd9\x81\xe2\x80\xa6 https://t.co/tNc0acEhD4'
2020-12-16 17:59:55,Abir_s0,246,b'RT @AMHAlShareef: \xd9\x85\xd8\xa8\xd9\x84\xd8\xba  500  \xd8\xb1\xd9\x8a\xd8\xa7\xd9\x84 \xd9\x84\xd9\x81\xd8\xa7\xd8\xa6\xd8\xb2 \xd9\x88\xd8\xa7\xd8\xad\xd8\xaf\n\xe2\x96\xaa\xef\xb8\x8f \xd8\xa7\xd9\x84\xd9\x85\xd8\xb7\xd9\x84\xd9\x88\xd8\xa8 \n\xd9\x85\xd8\xaa\xd8\xa7\xd8\xa8\xd8\xb9\xd8\xa9 \xd8\xa7\xd9\x84\xd8\xad\xd8\xb3\xd8\xa7\xd8\xa8    @vibes_jeddah\n\n\xd8\xa7\xd9\x84\xd8\xb3\xd8\xad\xd8\xa8 \xd9\x85\xd9\x86 \xd8\xa7\xd9\x84\xd8\xb1\xd9\x8a\xd8\xaa\xd9\x88\xd9\x8a\xd8\xaa \xd9\x81\xd9\x8a \xd8\xa3\xd9\x82\xd9\x84\xd8\xa7\xd9\x85 \xd9\x88\xd8\xa3\xd8\xb9\xd9\x84\xd8\xa7\xd9\x85 \xd8\xae\xd9\x84\xd8\xa7\xd9\x84 24  \xd8\xb3\xd8\xa7\xd8\xb9\xd8\xa9'
2020-12-16 17:59:28,layan772777,97,b'RT @AMHAlShareef: \xd9\x85\xd8\xa8\xd9\x84\xd8\xba  500  \xd8\xb1\xd9\x8a\xd8\xa7\xd9\x84 \xd9\x84\xd9\x81\xd8\xa7\xd8\xa6\xd8\xb2 \xd9\x88\xd8\xa7\xd8\xad\xd8\xaf\n\xe2\x96\xaa\xef\xb8\x8f \xd8\xa7\xd9\x84\xd9\x85\xd8\xb7\xd9\x84\xd9\x88\xd8\xa8 \n\xd9\x85\xd8\xaa\xd8\xa7\xd8\xa8\xd8\xb9\xd8\xa9 \xd8\xa7\xd9\x84\xd8\xad\xd8\xb3\xd8\xa7\xd8\xa8    @vibes_jeddah\n\n\xd8\xa7\xd9\x84\xd8\xb3\xd8\xad\xd8\xa8 \xd9\x85\xd9\x86 \xd8\xa7\xd9\x84\xd8\xb1\xd9\x8a\xd8\xaa\xd9\x88\xd9\x8a\xd8\xaa \xd9\x81\xd9\x8a \xd8\xa3\xd9\x82\xd9\x84\xd8\xa7\xd9\x85 \xd9\x88\xd8\xa3\xd8\xb9\xd9\x84\xd8\xa7\xd9\x85 \xd8\xae\xd9\x84\xd8\xa7\xd9\x84 24  \xd8\xb3\xd8\xa7\xd8\xb9\xd8\xa9'
2020-12-16 17:59:23,jeddah_escort,945,b'RT @jeddah_escort: Best body to body massage with the newest escort in town. Halla at me on +966545945041 \xf0\x9f\x91\x85\xf0\x9f\x91\x84\xf0\x9f\x92\xa6\xf0\x9f\xa4\xa4\xf0\x9f\x92\x8b\xf0\x9f\x98\x8b'
2020-12-16 17:59:01,akram_alMondaey,4349,"b""I'm at Soul coffee in Jeddah, Makkah w/ @rrixa_ https://t.co/2vRYr8XYGO https://t.co/71E0V9ZylM"""
2020-12-16 17:58:25,W55163249,871,b'@AMHAlShareef @vibes_jeddah \xd8\xaa\xd9\x85'
2020-12-16 17:58:23,rahmn70,97,b'\xd8\xa8\xd8\xb1\xd9\x86\xd8\xa7\xd9\x85\xd8\xac \xd8\xa7\xd9\x84\xd9\x87\xd8\xaf\xd9\x89 \xd8\xaa\xd8\xa7\xd8\xa8\xd8\xb9\xd9\x88\xd9\x86\xd8\xa7 \xd9\x82\xd8\xb1\xd9\x8a\xd8\xa8\xd9\x8b\xd8\xa7 \xd9\x81\xd9\x8a \xd8\xb1\xd9\x85\xd8\xb6\xd8\xa7\xd9\x86 \xf0\x9f\x92\x90\n\nAl Huda Program soon in Ramadan follow us for more\n#explore #Jeddah\xe2\x80\xa6 https://t.co/Yi353wZ7Dq'
2020-12-16 17:58:22,W55163249,871,b'RT @AMHAlShareef: \xd9\x85\xd8\xa8\xd9\x84\xd8\xba  500  \xd8\xb1\xd9\x8a\xd8\xa7\xd9\x84 \xd9\x84\xd9\x81\xd8\xa7\xd8\xa6\xd8\xb2 \xd9\x88\xd8\xa7\xd8\xad\xd8\xaf\n\xe2\x96\xaa\xef\xb8\x8f \xd8\xa7\xd9\x84\xd9\x85\xd8\xb7\xd9\x84\xd9\x88\xd8\xa8 \n\xd9\x85\xd8\xaa\xd8\xa7\xd8\xa8\xd8\xb9\xd8\xa9 \xd8\xa7\xd9\x84\xd8\xad\xd8\xb3\xd8\xa7\xd8\xa8    @vibes_jeddah\n\n\xd8\xa7\xd9\x84\xd8\xb3\xd8\xad\xd8\xa8 \xd9\x85\xd9\x86 \xd8\xa7\xd9\x84\xd8\xb1\xd9\x8a\xd8\xaa\xd9\x88\xd9\x8a\xd8\xaa \xd9\x81\xd9\x8a \xd8\xa3\xd9\x82\xd9\x84\xd8\xa7\xd9\x85 \xd9\x88\xd8\xa3\xd8\xb9\xd9\x84\xd8\xa7\xd9\x85 \xd8\xae\xd9\x84\xd8\xa7\xd9\x84 24  \xd8\xb3\xd8\xa7\xd8\xb9\xd8\xa9'
2020-12-16 17:58:10,afaf12132,7,b'@AMHAlShareef @vibes_jeddah \xd9\x8a\xd8\xa7\xd8\xb1\xd8\xa8 \xd8\xa7\xd9\x81\xd9\x88\xd8\xb2'
2020-12-16 17:58:03,afaf12132,7,b'RT @AMHAlShareef: \xd9\x85\xd8\xa8\xd9\x84\xd8\xba  500  \xd8\xb1\xd9\x8a\xd8\xa7\xd9\x84 \xd9\x84\xd9\x81\xd8\xa7\xd8\xa6\xd8\xb2 \xd9\x88\xd8\xa7\xd8\xad\xd8\xaf\n\xe2\x96\xaa\xef\xb8\x8f \xd8\xa7\xd9\x84\xd9\x85\xd8\xb7\xd9\x84\xd9\x88\xd8\xa8 \n\xd9\x85\xd8\xaa\xd8\xa7\xd8\xa8\xd8\xb9\xd8\xa9 \xd8\xa7\xd9\x84\xd8\xad\xd8\xb3\xd8\xa7\xd8\xa8    @vibes_jeddah\n\n\xd8\xa7\xd9\x84\xd8\xb3\xd8\xad\xd8\xa8 \xd9\x85\xd9\x86 \xd8\xa7\xd9\x84\xd8\xb1\xd9\x8a\xd8\xaa\xd9\x88\xd9\x8a\xd8\xaa \xd9\x81\xd9\x8a \xd8\xa3\xd9\x82\xd9\x84\xd8\xa7\xd9\x85 \xd9\x88\xd8\xa3\xd8\xb9\xd9\x84\xd8\xa7\xd9\x85 \xd8\xae\xd9\x84\xd8\xa7\xd9\x84 24  \xd8\xb3\xd8\xa7\xd8\xb9\xd8\xa9'
2020-12-16 17:57:40,Emma21217496,585,b'RT @Emily76976005: Massage available now\n0545536356 watsap me\n#jeddah_massage\n#bodytobodymassage\n#FullBodyMassage\n#jeddahescort\n#massagethe\xe2\x80\xa6'
2020-12-16 17:56:54,nas__sn,460,"b""I'm at Belajio in Jeddah, Western Province https://t.co/tZs6HqH9t1"""
2020-12-16 17:56:40,aziz_alshuwaier,1274,"b""I'm at @MallofArabia_ in Jeddah, Makkah w/ @noufb5 https://t.co/1MpWmX6qqz"""
2020-12-16 17:56:30,NtRuaa,638,"b""I'm at @JarirBookstore in Jeddah, \xd9\x85\xd9\x86\xd8\xb7\xd9\x82\xd8\xa9 \xd9\x85\xd9\x83\xd8\xa9 https://t.co/Ur5W2aMToc"""
2020-12-16 17:56:27,3almy_jeddah,9,b'#\xd8\xa7\xd9\x84\xd9\x86\xd8\xb5\xd8\xb1_I\xd9\x84\xd8\xb1\xd8\xa7\xd9\x8a\xd8\xaf\n\xd9\x84\xd9\x84\xd8\xa3\xd8\xb3\xd9\x81 \xd8\xa7\xd9\x84\xd9\x84\xd8\xa7\xd8\xb9\xd8\xa8 \xd8\xa7\xd9\x84\xd9\x83\xd9\x88\xd8\xb1\xd9\x8a \xd8\xb5\xd9\x81\xd9\x82\xd9\x87 \xd9\x81\xd8\xa7\xd8\xb4\xd9\x84\xd9\x87 \xd8\xa8\xd9\x83\xd9\x84 \xd8\xa7\xd9\x84\xd9\x85\xd9\x82\xd8\xa7\xd9\x8a\xd9\x8a\xd8\xb3 \n\xd8\xb9\xd9\x8a\xd8\xa8 \xd9\x85\xd8\xab\xd9\x84 \xd9\x87\xd8\xb0\xd8\xa7 \xd8\xa7\xd9\x84\xd9\x84\xd8\xa7\xd8\xb9\xd8\xa8 \xd9\x8a\xd8\xb3\xd8\xaa\xd9\x85\xd8\xb1 \xd9\x85\xd8\xb9 \xd8\xa7\xd9\x84\xd9\x86\xd8\xb5\xd8\xb1'
2020-12-16 17:56:20,Artedgecenter,31,b'RT @Artedgecenter: (  \xd9\x86\xd8\xb9\xd9\x88\xd8\xaf \xd8\xa8\xd8\xad\xd8\xb0\xd8\xb1 \xe2\x9c\x85 )\n\n\xd8\xb4\xd8\xa7\xd9\x85\xd9\x84\xd8\xa9 \xd8\xa7\xd9\x84\xd8\xa3\xd8\xaf\xd9\x88\xd8\xa7\xd8\xaa \xd9\x88\xd8\xb4\xd9\x87\xd8\xa7\xd8\xaf\xd8\xa9 \xd9\x85\xd8\xb9\xd8\xaa\xd9\x85\xd8\xaf\xd8\xa9 \xf0\x9f\x91\xa9\xe2\x80\x8d\xf0\x9f\x8e\xa8\n\xd9\x84\xd9\x84\xd8\xaa\xd8\xb3\xd8\xac\xd9\x8a\xd9\x84 \xd9\x88 \xd8\xa7\xd9\x84\xd8\xa7\xd8\xb3\xd8\xaa\xd9\x81\xd8\xb3\xd8\xa7\xd8\xb1: 0507300079 \xf0\x9f\x98\x8d\n\n#\xd9\x81\xd9\x86 #\xd9\x81\xd9\x86\xd9\x88\xd9\x86 #jeddah #obhur #obhor #sa\xe2\x80\xa6'
2020-12-16 17:55:43,Artedgecenter,31,b'(  \xd9\x86\xd8\xb9\xd9\x88\xd8\xaf \xd8\xa8\xd8\xad\xd8\xb0\xd8\xb1\xe2\x9c\x85)\n\n\xd8\xb4\xd8\xa7\xd9\x85\xd9\x84\xd8\xa9 \xd8\xa7\xd9\x84\xd8\xa3\xd8\xaf\xd9\x88\xd8\xa7\xd8\xaa \xd9\x88 \xd8\xa7\xd9\x84\xd8\xb6\xd9\x8a\xd8\xa7\xd9\x81\xd8\xa9 \xd9\x85\xd8\xb9 \xd8\xb4\xd9\x87\xd8\xa7\xd8\xaf\xd8\xa9 \xd9\x85\xd8\xb9\xd8\xaa\xd9\x85\xd8\xaf\xd8\xa9 \xf0\x9f\x91\xa9\xe2\x80\x8d\xf0\x9f\x8e\xa8\n\xd9\x84\xd9\x84\xd8\xaa\xd8\xb3\xd8\xac\xd9\x8a\xd9\x84 \xd9\x88 \xd8\xa7\xd9\x84\xd8\xa7\xd8\xb3\xd8\xaa\xd9\x81\xd8\xb3\xd8\xa7\xd8\xb1: 0507300079 \xf0\x9f\x98\x8d\n\n#\xd9\x81\xd9\x86 #\xd9\x81\xd9\x86\xd9\x88\xd9\x86 #jeddah\xe2\x80\xa6 https://t.co/OSJm1BVy3h'
2020-12-16 17:55:42,xnakzFTGjxnip3R,0,b'@atfal_jeddah \xd8\xa7\xd9\x84\xd8\xb3\xd9\x84\xd8\xa7\xd9\x85 \xd8\xb9\xd9\x84\xd9\x8a\xd9\x83\xd9\x85\n\xd9\x88\xd8\xb4 \xd8\xa7\xd9\x84\xd8\xb4\xd8\xb1\xd9\x88\xd8\xb7 \xd8\xa7\xd9\x84\xd8\xb7\xd9\x84\xd9\x88\xd8\xa8\xd9\x87 \xd9\x84\xd9\x84\xd8\xaa\xd8\xb3\xd8\xac\xd9\x8a\xd9\x84'
2020-12-16 17:55:32,Shamimu53765097,9,b'Am professional in doing massage #bodytobodymassage #Jeddah_Fullbodymassage #0540218429107'
2020-12-16 17:55:29,AlhashemiAY,187,"b""I'm at Khayal Restaurant - @khayalrest in Jeddah, Makkah Province https://t.co/LBBJU1Se2N"""
2020-12-16 17:55:19,okar44,29,b'RT @AMHAlShareef: \xd9\x85\xd8\xa8\xd9\x84\xd8\xba  500  \xd8\xb1\xd9\x8a\xd8\xa7\xd9\x84 \xd9\x84\xd9\x81\xd8\xa7\xd8\xa6\xd8\xb2 \xd9\x88\xd8\xa7\xd8\xad\xd8\xaf\n\xe2\x96\xaa\xef\xb8\x8f \xd8\xa7\xd9\x84\xd9\x85\xd8\xb7\xd9\x84\xd9\x88\xd8\xa8 \n\xd9\x85\xd8\xaa\xd8\xa7\xd8\xa8\xd8\xb9\xd8\xa9 \xd8\xa7\xd9\x84\xd8\xad\xd8\xb3\xd8\xa7\xd8\xa8    @vibes_jeddah\n\n\xd8\xa7\xd9\x84\xd8\xb3\xd8\xad\xd8\xa8 \xd9\x85\xd9\x86 \xd8\xa7\xd9\x84\xd8\xb1\xd9\x8a\xd8\xaa\xd9\x88\xd9\x8a\xd8\xaa \xd9\x81\xd9\x8a \xd8\xa3\xd9\x82\xd9\x84\xd8\xa7\xd9\x85 \xd9\x88\xd8\xa3\xd8\xb9\xd9\x84\xd8\xa7\xd9\x85 \xd8\xae\xd9\x84\xd8\xa7\xd9\x84 24  \xd8\xb3\xd8\xa7\xd8\xb9\xd8\xa9'
2020-12-16 17:55:19,tinaalh__,111,b'RT @baamerfaris: The problem with Jeddah is it\xe2\x80\x99s literally 100 diff cafes and restaurants with the same menus and nothing else to do'
2020-12-16 17:55:06,AmirahBenti,5,b'#massage and #relaxation in jeddah. In box me on 0546491665 https://t.co/DJ6F3hjcpb'
2020-12-16 17:54:45,JanaBadr17,2,b'\xd8\xaa\xd9\x85\xd9\x85\xd9\x85\xd9\x85\n\n@vibes_jeddah'
2020-12-16 17:54:23,Soo_50011,990,b'@AMHAlShareef @vibes_jeddah \xd8\xaa\xd9\x85'
2020-12-16 17:54:19,JanaBadr17,2,b'RT @AMHAlShareef: \xd9\x85\xd8\xa8\xd9\x84\xd8\xba  500  \xd8\xb1\xd9\x8a\xd8\xa7\xd9\x84 \xd9\x84\xd9\x81\xd8\xa7\xd8\xa6\xd8\xb2 \xd9\x88\xd8\xa7\xd8\xad\xd8\xaf\n\xe2\x96\xaa\xef\xb8\x8f \xd8\xa7\xd9\x84\xd9\x85\xd8\xb7\xd9\x84\xd9\x88\xd8\xa8 \n\xd9\x85\xd8\xaa\xd8\xa7\xd8\xa8\xd8\xb9\xd8\xa9 \xd8\xa7\xd9\x84\xd8\xad\xd8\xb3\xd8\xa7\xd8\xa8    @vibes_jeddah\n\n\xd8\xa7\xd9\x84\xd8\xb3\xd8\xad\xd8\xa8 \xd9\x85\xd9\x86 \xd8\xa7\xd9\x84\xd8\xb1\xd9\x8a\xd8\xaa\xd9\x88\xd9\x8a\xd8\xaa \xd9\x81\xd9\x8a \xd8\xa3\xd9\x82\xd9\x84\xd8\xa7\xd9\x85 \xd9\x88\xd8\xa3\xd8\xb9\xd9\x84\xd8\xa7\xd9\x85 \xd8\xae\xd9\x84\xd8\xa7\xd9\x84 24  \xd8\xb3\xd8\xa7\xd8\xb9\xd8\xa9'
2020-12-16 17:54:09,Soo_50011,990,b'RT @AMHAlShareef: \xd9\x85\xd8\xa8\xd9\x84\xd8\xba  500  \xd8\xb1\xd9\x8a\xd8\xa7\xd9\x84 \xd9\x84\xd9\x81\xd8\xa7\xd8\xa6\xd8\xb2 \xd9\x88\xd8\xa7\xd8\xad\xd8\xaf\n\xe2\x96\xaa\xef\xb8\x8f \xd8\xa7\xd9\x84\xd9\x85\xd8\xb7\xd9\x84\xd9\x88\xd8\xa8 \n\xd9\x85\xd8\xaa\xd8\xa7\xd8\xa8\xd8\xb9\xd8\xa9 \xd8\xa7\xd9\x84\xd8\xad\xd8\xb3\xd8\xa7\xd8\xa8    @vibes_jeddah\n\n\xd8\xa7\xd9\x84\xd8\xb3\xd8\xad\xd8\xa8 \xd9\x85\xd9\x86 \xd8\xa7\xd9\x84\xd8\xb1\xd9\x8a\xd8\xaa\xd9\x88\xd9\x8a\xd8\xaa \xd9\x81\xd9\x8a \xd8\xa3\xd9\x82\xd9\x84\xd8\xa7\xd9\x85 \xd9\x88\xd8\xa3\xd8\xb9\xd9\x84\xd8\xa7\xd9\x85 \xd8\xae\xd9\x84\xd8\xa7\xd9\x84 24  \xd8\xb3\xd8\xa7\xd8\xb9\xd8\xa9'
2020-12-16 17:52:56,Azoozayaz,1010,b'RT @baamerfaris: The problem with Jeddah is it\xe2\x80\x99s literally 100 diff cafes and restaurants with the same menus and nothing else to do'
2020-12-16 17:52:11,shokohnasab,147,b'RT @UANI: A Singapore-flagged oil tanker was attacked while docked at a port in the Saudi city of Jeddah in what authorities are calling an\xe2\x80\xa6'
2020-12-16 17:51:14,W_dllx,44,"b""I'm at Jeddah Waterfront (JW) - @jeddahamanah in Jeddah, Makkah https://t.co/2o9Xr7yNCF"""
2020-12-16 17:51:01,W_dllx,44,"b""I'm at Jeddah Corniche in Jeddah, Western Province https://t.co/4gDNnrWfM4"""
2020-12-16 17:50:44,aymanabdulwaha1,600,"b""I'm at Tabaqat Cafe in Jeddah, Makkah https://t.co/6yqMN74IEh"""
2020-12-16 17:50:31,NoNa_Mrwan,636,"b""I'm at Medd Caf\xc3\xa9 &amp; Roastery - @meddcoffee in Jeddah, Makkah w/ @l05g_ https://t.co/5Lm6yleUBd"""
2020-12-16 17:49:59,AminahSarah3,1,b'#massage #jeddah Saudi Arabia #Dm for massage \xe2\x9d\xa4\xe2\x9d\xa4thank you my WhatsApp number 0568358689'
2020-12-16 17:49:34,Hala12xx,67,b'@Kfpl_jeddah \xd9\x87\xd9\x84 \xd9\x8a\xd9\x88\xd8\xac\xd8\xaf \xd9\x85\xd8\xb3\xd8\xa7\xd8\xa8\xd9\x82\xd8\xa9 \xd9\x85\xd8\xb4\xd8\xa7\xd8\xa8\xd9\x87\xd8\xa9 \xd9\x84\xd9\x84\xd8\xa3\xd8\xb7\xd9\x81\xd8\xa7\xd9\x84 \xd8\xa7\xd9\x84\xd8\xa3\xd8\xb5\xd8\xba\xd8\xb1 \xd8\xb3\xd9\x86\xd8\xa7'
2020-12-16 17:49:17,Jeddah_TraFree,138278,b'RT @Jeddah_TraFree: \xd8\xb9\xd9\x86\xd8\xaf\xd9\x83 \xd8\xa7\xd8\xb9\xd9\x84\xd8\xa7\xd9\x86 \xd9\x88\xd8\xad\xd8\xa7\xd8\xa8\xd8\xa8 \xd8\xaa\xd8\xb3\xd8\xaa\xd8\xba\xd9\x84 \xd8\xa7\xd9\x84\xd9\x81\xd8\xb1\xd8\xb5\xd8\xa9 \xd9\x84\xd9\x84\xd8\xa5\xd8\xb9\xd9\x84\xd8\xa7\xd9\x86 \xd8\xa8\xd8\xa3\xd8\xb3\xd8\xb9\xd8\xa7\xd8\xb1 \xd8\xb1\xd9\x85\xd8\xb2\xd9\x8a\xd9\x87\xf0\x9f\x8f\x83\xf0\x9f\x8f\xbc\xf0\x9f\x91\x8c\xf0\x9f\x8f\xbc\xd8\x9f! \n\n\xf0\x9f\x93\x8c#\xd8\xaf\xd9\x88\xd8\xb1\xd8\xa7\xd8\xaa_\xd9\x88\xd9\x81\xd8\xb9\xd8\xa7\xd9\x84\xd9\x8a\xd8\xa7\xd8\xaa_\xd8\xac\xd8\xaf\xd8\xa9 \xd8\xa7\xd9\x84\xd8\xa7\xd8\xb3\xd8\xb1\xd8\xb9 \xd9\x86\xd9\x85\xd9\x88\xd8\xa7\xd9\x8b \xd9\x81\xd9\x8a \xd8\xb9\xd8\xa7\xd9\x84\xd9\x85 \xd8\xa7\xd9\x84\xd8\xaf\xd9\x88\xd8\xb1\xd8\xa7\xd8\xaa\xd8\x8c \xd9\x8a\xd8\xaa\xd8\xac\xd8\xa7\xd9\x88\xd8\xb2 \xd8\xb9\xd8\xaf\xe2\x80\xa6'
2020-12-16 17:49:07,nox2nox2,26,b'RT @AMHAlShareef: \xd9\x85\xd8\xa8\xd9\x84\xd8\xba  500  \xd8\xb1\xd9\x8a\xd8\xa7\xd9\x84 \xd9\x84\xd9\x81\xd8\xa7\xd8\xa6\xd8\xb2 \xd9\x88\xd8\xa7\xd8\xad\xd8\xaf\n\xe2\x96\xaa\xef\xb8\x8f \xd8\xa7\xd9\x84\xd9\x85\xd8\xb7\xd9\x84\xd9\x88\xd8\xa8 \n\xd9\x85\xd8\xaa\xd8\xa7\xd8\xa8\xd8\xb9\xd8\xa9 \xd8\xa7\xd9\x84\xd8\xad\xd8\xb3\xd8\xa7\xd8\xa8    @vibes_jeddah\n\n\xd8\xa7\xd9\x84\xd8\xb3\xd8\xad\xd8\xa8 \xd9\x85\xd9\x86 \xd8\xa7\xd9\x84\xd8\xb1\xd9\x8a\xd8\xaa\xd9\x88\xd9\x8a\xd8\xaa \xd9\x81\xd9\x8a \xd8\xa3\xd9\x82\xd9\x84\xd8\xa7\xd9\x85 \xd9\x88\xd8\xa3\xd8\xb9\xd9\x84\xd8\xa7\xd9\x85 \xd8\xae\xd9\x84\xd8\xa7\xd9\x84 24  \xd8\xb3\xd8\xa7\xd8\xb9\xd8\xa9'
2020-12-16 17:48:14,tbalmgati1433,240,b'RT @2020Rawiah: @Jeddah_Radio \xd9\x83\xd9\x84 \xd8\xb9\xd8\xa7\xd9\x85 \xd9\x88\xd9\x85\xd9\x85\xd9\x84\xd9\x83\xd8\xa9 \xd8\xa7\xd9\x84\xd8\xa8\xd8\xad\xd8\xb1\xd9\x8a\xd9\x86 \xd8\xa8\xd9\x83\xd9\x84 \xd8\xae\xd9\x8a\xd8\xb1 \xd9\x82\xd9\x8a\xd8\xa7\xd8\xaf\xd8\xa9 \xd9\x88\xd8\xb4\xd8\xb9\xd8\xa8 .. \xd9\x88\xd8\xa7\xd8\xaf\xd8\xa7\xd9\x85 \xd8\xa7\xd9\x84\xd9\x84\xd9\x87 \xd8\xa7\xd9\x84\xd8\xaa\xd8\xb1\xd8\xa7\xd8\xa8\xd8\xb7 \xd9\x88\xd8\xa7\xd9\x84\xd8\xaa\xd9\x84\xd8\xa7\xd8\xad\xd9\x85 \xd8\xa8\xd9\x8a\xd9\x86 \xd8\xa7\xd9\x84\xd8\xa8\xd9\x84\xd8\xaf\xd9\x8a\xd9\x86  \xf0\x9f\x87\xa7\xf0\x9f\x87\xad \xf0\x9f\x87\xb8\xf0\x9f\x87\xa6'
2020-12-16 17:47:39,jodi_1415,743,"b'\xf0\x9f\x92\x94\xf0\x9f\x92\x94 (@ Home Center in Jeddah, Makkah Province) https://t.co/QAuL8gY89l'"
2020-12-16 17:45:56,20162020M,1148,b'RT @maan2077: \xd8\xb3\xd8\xb9\xd8\xa7\xd8\xaf\xd8\xa9 \xd9\x85\xd8\xaf\xd9\x8a\xd8\xb1 \xd8\xb9\xd8\xa7\xd9\x85 \xd8\xa7\xd9\x84\xd8\xaa\xd8\xb9\xd9\x84\xd9\x8a\xd9\x85 \xd8\xa8\xd9\x85\xd9\x86\xd8\xb7\xd9\x82\xd8\xa9 \xd8\xaa\xd8\xa8\xd9\x88\xd9\x83 \xd8\xa7\xd9\x84\xd8\xa7\xd8\xb3\xd8\xaa\xd8\xa7\xd8\xb0 \xd8\xa7\xd8\xa8\xd8\xb1\xd8\xa7\xd9\x87\xd9\x8a\xd9\x85 \xd8\xa8\xd9\x86 \xd8\xad\xd8\xb3\xd9\x8a\xd9\x86 \xd8\xa7\xd9\x84\xd8\xb9\xd9\x8f\xd9\x85\xd8\xb1\xd9\x8a :\n ((\xd9\x85\xd9\x8a\xd8\xb2\xd8\xa7\xd9\x86\xd9\x8a\xd8\xa9 \xd8\xa7\xd9\x84\xd8\xae\xd9\x8a\xd8\xb1  \xd8\xa7\xd9\x85\xd8\xaa\xd8\xaf\xd8\xa7\xd8\xaf \xd9\x84\xd8\xad\xd9\x83\xd9\x85\xd8\xa9 \xd8\xa7\xd9\x84\xd9\x82\xd9\x8a\xd8\xa7\xd8\xaf\xd8\xa9 \xd9\x88\xd8\xb9\xd9\x86\xd8\xa7\xd9\x8a\xd8\xaa\xd9\x87\xd8\xa7 \xd8\xa8\xd8\xa7\xd9\x84\xd9\x85\xd9\x88\xd8\xa7\xd8\xb7\xd9\x86\xe2\x80\xa6'
2020-12-16 17:45:26,Heiro73,4653,b'@Osamah_333 @jeddahnews_ @3adad @alsaif2012 @naifsaudi4 @HotelierME @EngRude @ZacGhamdi @JeddahNow @jeddah_tw \xd9\x83\xd9\x85 \xd8\xa8\xd8\xa7\xd9\x82\xd9\x8a\xd9\x84\xd9\x88'
2020-12-16 17:45:19,Rayan_Quqandi,628,"b""I'm at Obhur Al Janubiyah Corniche in Jeddah, Makkah https://t.co/WNstZsJe4K"""
2020-12-16 17:43:49,N_N_N888,192,b'RT @AMHAlShareef: \xd9\x85\xd8\xa8\xd9\x84\xd8\xba  500  \xd8\xb1\xd9\x8a\xd8\xa7\xd9\x84 \xd9\x84\xd9\x81\xd8\xa7\xd8\xa6\xd8\xb2 \xd9\x88\xd8\xa7\xd8\xad\xd8\xaf\n\xe2\x96\xaa\xef\xb8\x8f \xd8\xa7\xd9\x84\xd9\x85\xd8\xb7\xd9\x84\xd9\x88\xd8\xa8 \n\xd9\x85\xd8\xaa\xd8\xa7\xd8\xa8\xd8\xb9\xd8\xa9 \xd8\xa7\xd9\x84\xd8\xad\xd8\xb3\xd8\xa7\xd8\xa8    @vibes_jeddah\n\n\xd8\xa7\xd9\x84\xd8\xb3\xd8\xad\xd8\xa8 \xd9\x85\xd9\x86 \xd8\xa7\xd9\x84\xd8\xb1\xd9\x8a\xd8\xaa\xd9\x88\xd9\x8a\xd8\xaa \xd9\x81\xd9\x8a \xd8\xa3\xd9\x82\xd9\x84\xd8\xa7\xd9\x85 \xd9\x88\xd8\xa3\xd8\xb9\xd9\x84\xd8\xa7\xd9\x85 \xd8\xae\xd9\x84\xd8\xa7\xd9\x84 24  \xd8\xb3\xd8\xa7\xd8\xb9\xd8\xa9'
2020-12-16 17:43:34,Amina37408772,2,"b""#massage #massage Jeddah Saudi arbia#Dmformassage \xe2\x9d\xa4\xef\xb8\x8f\xe2\x9d\xa4\xef\xb8\x8fthanks you my what's up number 0593145387"""
2020-12-16 17:43:32,zXAaiovrlkxz2iP,1,b'@AMHAlShareef @vibes_jeddah \xd8\xa7\xd9\x86'
2020-12-16 17:43:05,srab1923,42,b'RT @AMHAlShareef: \xd9\x85\xd8\xa8\xd9\x84\xd8\xba  500  \xd8\xb1\xd9\x8a\xd8\xa7\xd9\x84 \xd9\x84\xd9\x81\xd8\xa7\xd8\xa6\xd8\xb2 \xd9\x88\xd8\xa7\xd8\xad\xd8\xaf\n\xe2\x96\xaa\xef\xb8\x8f \xd8\xa7\xd9\x84\xd9\x85\xd8\xb7\xd9\x84\xd9\x88\xd8\xa8 \n\xd9\x85\xd8\xaa\xd8\xa7\xd8\xa8\xd8\xb9\xd8\xa9 \xd8\xa7\xd9\x84\xd8\xad\xd8\xb3\xd8\xa7\xd8\xa8    @vibes_jeddah\n\n\xd8\xa7\xd9\x84\xd8\xb3\xd8\xad\xd8\xa8 \xd9\x85\xd9\x86 \xd8\xa7\xd9\x84\xd8\xb1\xd9\x8a\xd8\xaa\xd9\x88\xd9\x8a\xd8\xaa \xd9\x81\xd9\x8a \xd8\xa3\xd9\x82\xd9\x84\xd8\xa7\xd9\x85 \xd9\x88\xd8\xa3\xd8\xb9\xd9\x84\xd8\xa7\xd9\x85 \xd8\xae\xd9\x84\xd8\xa7\xd9\x84 24  \xd8\xb3\xd8\xa7\xd8\xb9\xd8\xa9'
2020-12-16 17:43:04,wellyzak,683,"b""I'm at Starbucks in Jeddah, Makkah https://t.co/tz8y2qZnv2"""
2020-12-16 17:42:48,samooyrrr,6,b'RT @AMHAlShareef: \xd9\x85\xd8\xa8\xd9\x84\xd8\xba  500  \xd8\xb1\xd9\x8a\xd8\xa7\xd9\x84 \xd9\x84\xd9\x81\xd8\xa7\xd8\xa6\xd8\xb2 \xd9\x88\xd8\xa7\xd8\xad\xd8\xaf\n\xe2\x96\xaa\xef\xb8\x8f \xd8\xa7\xd9\x84\xd9\x85\xd8\xb7\xd9\x84\xd9\x88\xd8\xa8 \n\xd9\x85\xd8\xaa\xd8\xa7\xd8\xa8\xd8\xb9\xd8\xa9 \xd8\xa7\xd9\x84\xd8\xad\xd8\xb3\xd8\xa7\xd8\xa8    @vibes_jeddah\n\n\xd8\xa7\xd9\x84\xd8\xb3\xd8\xad\xd8\xa8 \xd9\x85\xd9\x86 \xd8\xa7\xd9\x84\xd8\xb1\xd9\x8a\xd8\xaa\xd9\x88\xd9\x8a\xd8\xaa \xd9\x81\xd9\x8a \xd8\xa3\xd9\x82\xd9\x84\xd8\xa7\xd9\x85 \xd9\x88\xd8\xa3\xd8\xb9\xd9\x84\xd8\xa7\xd9\x85 \xd8\xae\xd9\x84\xd8\xa7\xd9\x84 24  \xd8\xb3\xd8\xa7\xd8\xb9\xd8\xa9'
2020-12-16 17:42:45,as9990m,102,b'RT @AMHAlShareef: \xd9\x85\xd8\xa8\xd9\x84\xd8\xba  500  \xd8\xb1\xd9\x8a\xd8\xa7\xd9\x84 \xd9\x84\xd9\x81\xd8\xa7\xd8\xa6\xd8\xb2 \xd9\x88\xd8\xa7\xd8\xad\xd8\xaf\n\xe2\x96\xaa\xef\xb8\x8f \xd8\xa7\xd9\x84\xd9\x85\xd8\xb7\xd9\x84\xd9\x88\xd8\xa8 \n\xd9\x85\xd8\xaa\xd8\xa7\xd8\xa8\xd8\xb9\xd8\xa9 \xd8\xa7\xd9\x84\xd8\xad\xd8\xb3\xd8\xa7\xd8\xa8    @vibes_jeddah\n\n\xd8\xa7\xd9\x84\xd8\xb3\xd8\xad\xd8\xa8 \xd9\x85\xd9\x86 \xd8\xa7\xd9\x84\xd8\xb1\xd9\x8a\xd8\xaa\xd9\x88\xd9\x8a\xd8\xaa \xd9\x81\xd9\x8a \xd8\xa3\xd9\x82\xd9\x84\xd8\xa7\xd9\x85 \xd9\x88\xd8\xa3\xd8\xb9\xd9\x84\xd8\xa7\xd9\x85 \xd8\xae\xd9\x84\xd8\xa7\xd9\x84 24  \xd8\xb3\xd8\xa7\xd8\xb9\xd8\xa9'
2020-12-16 17:42:02,Shamim83412157,16,"b""I'm professional massage body to body #Jeddah_Fullbodymassage #dating#0545372036 #come now available"""
2020-12-16 17:41:54,Munerah2004,16,b'RT @AMHAlShareef: \xd9\x85\xd8\xa8\xd9\x84\xd8\xba  500  \xd8\xb1\xd9\x8a\xd8\xa7\xd9\x84 \xd9\x84\xd9\x81\xd8\xa7\xd8\xa6\xd8\xb2 \xd9\x88\xd8\xa7\xd8\xad\xd8\xaf\n\xe2\x96\xaa\xef\xb8\x8f \xd8\xa7\xd9\x84\xd9\x85\xd8\xb7\xd9\x84\xd9\x88\xd8\xa8 \n\xd9\x85\xd8\xaa\xd8\xa7\xd8\xa8\xd8\xb9\xd8\xa9 \xd8\xa7\xd9\x84\xd8\xad\xd8\xb3\xd8\xa7\xd8\xa8    @vibes_jeddah\n\n\xd8\xa7\xd9\x84\xd8\xb3\xd8\xad\xd8\xa8 \xd9\x85\xd9\x86 \xd8\xa7\xd9\x84\xd8\xb1\xd9\x8a\xd8\xaa\xd9\x88\xd9\x8a\xd8\xaa \xd9\x81\xd9\x8a \xd8\xa3\xd9\x82\xd9\x84\xd8\xa7\xd9\x85 \xd9\x88\xd8\xa3\xd8\xb9\xd9\x84\xd8\xa7\xd9\x85 \xd8\xae\xd9\x84\xd8\xa7\xd9\x84 24  \xd8\xb3\xd8\xa7\xd8\xb9\xd8\xa9'
2020-12-16 17:41:53,Shamim83412157,16,"b""I'm professional massage body to body #Jeddah_Fullbodymassage #dating#0545372036 #come now"""
2020-12-16 17:41:47,jeddah_location,78701,b'\xd8\xaa\xd8\xb9\xd9\x91\xd8\xb1\xd9\x81 \xd8\xb9\xd9\x84\xd9\x89 \xd8\xb7\xd8\xb1\xd9\x8a\xd9\x82\xd8\xa9 \xd8\xa3\xd8\xae\xd8\xb0 \xd9\x84\xd9\x82\xd8\xa7\xd8\xad #\xd9\x83\xd9\x88\xd8\xb1\xd9\x88\xd9\x86\xd8\xa7\n\xf0\x9f\x94\xbd https://t.co/t3CEktTfCF'
2020-12-16 17:41:31,ladyfaraah,1,b'RT @AMHAlShareef: \xd9\x85\xd8\xa8\xd9\x84\xd8\xba  500  \xd8\xb1\xd9\x8a\xd8\xa7\xd9\x84 \xd9\x84\xd9\x81\xd8\xa7\xd8\xa6\xd8\xb2 \xd9\x88\xd8\xa7\xd8\xad\xd8\xaf\n\xe2\x96\xaa\xef\xb8\x8f \xd8\xa7\xd9\x84\xd9\x85\xd8\xb7\xd9\x84\xd9\x88\xd8\xa8 \n\xd9\x85\xd8\xaa\xd8\xa7\xd8\xa8\xd8\xb9\xd8\xa9 \xd8\xa7\xd9\x84\xd8\xad\xd8\xb3\xd8\xa7\xd8\xa8    @vibes_jeddah\n\n\xd8\xa7\xd9\x84\xd8\xb3\xd8\xad\xd8\xa8 \xd9\x85\xd9\x86 \xd8\xa7\xd9\x84\xd8\xb1\xd9\x8a\xd8\xaa\xd9\x88\xd9\x8a\xd8\xaa \xd9\x81\xd9\x8a \xd8\xa3\xd9\x82\xd9\x84\xd8\xa7\xd9\x85 \xd9\x88\xd8\xa3\xd8\xb9\xd9\x84\xd8\xa7\xd9\x85 \xd8\xae\xd9\x84\xd8\xa7\xd9\x84 24  \xd8\xb3\xd8\xa7\xd8\xb9\xd8\xa9'
2020-12-16 17:41:15,ahah01_1,4,b'RT @AMHAlShareef: \xd9\x85\xd8\xa8\xd9\x84\xd8\xba  500  \xd8\xb1\xd9\x8a\xd8\xa7\xd9\x84 \xd9\x84\xd9\x81\xd8\xa7\xd8\xa6\xd8\xb2 \xd9\x88\xd8\xa7\xd8\xad\xd8\xaf\n\xe2\x96\xaa\xef\xb8\x8f \xd8\xa7\xd9\x84\xd9\x85\xd8\xb7\xd9\x84\xd9\x88\xd8\xa8 \n\xd9\x85\xd8\xaa\xd8\xa7\xd8\xa8\xd8\xb9\xd8\xa9 \xd8\xa7\xd9\x84\xd8\xad\xd8\xb3\xd8\xa7\xd8\xa8    @vibes_jeddah\n\n\xd8\xa7\xd9\x84\xd8\xb3\xd8\xad\xd8\xa8 \xd9\x85\xd9\x86 \xd8\xa7\xd9\x84\xd8\xb1\xd9\x8a\xd8\xaa\xd9\x88\xd9\x8a\xd8\xaa \xd9\x81\xd9\x8a \xd8\xa3\xd9\x82\xd9\x84\xd8\xa7\xd9\x85 \xd9\x88\xd8\xa3\xd8\xb9\xd9\x84\xd8\xa7\xd9\x85 \xd8\xae\xd9\x84\xd8\xa7\xd9\x84 24  \xd8\xb3\xd8\xa7\xd8\xb9\xd8\xa9'
2020-12-16 17:41:04,Hellen39176371,5,"b""#masseg #jeddah Saudi arbia# Dmformassage \xe2\x9d\xa4\xef\xb8\x8f\xe2\x9d\xa4\xef\xb8\x8fthanks you my what's up number 0593145387"""
2020-12-16 17:40:52,bebooo200,165,b'@AMHAlShareef @Aklam_Alam1 @vibes_jeddah \xd8\xaa\xd9\x85'
2020-12-16 17:40:42,bebooo200,165,b'RT @AMHAlShareef: \xd9\x85\xd8\xa8\xd9\x84\xd8\xba  500  \xd8\xb1\xd9\x8a\xd8\xa7\xd9\x84 \xd9\x84\xd9\x81\xd8\xa7\xd8\xa6\xd8\xb2 \xd9\x88\xd8\xa7\xd8\xad\xd8\xaf\n\xe2\x96\xaa\xef\xb8\x8f \xd8\xa7\xd9\x84\xd9\x85\xd8\xb7\xd9\x84\xd9\x88\xd8\xa8 \n\xd9\x85\xd8\xaa\xd8\xa7\xd8\xa8\xd8\xb9\xd8\xa9 \xd8\xa7\xd9\x84\xd8\xad\xd8\xb3\xd8\xa7\xd8\xa8    @vibes_jeddah\n\n\xd8\xa7\xd9\x84\xd8\xb3\xd8\xad\xd8\xa8 \xd9\x85\xd9\x86 \xd8\xa7\xd9\x84\xd8\xb1\xd9\x8a\xd8\xaa\xd9\x88\xd9\x8a\xd8\xaa \xd9\x81\xd9\x8a \xd8\xa3\xd9\x82\xd9\x84\xd8\xa7\xd9\x85 \xd9\x88\xd8\xa3\xd8\xb9\xd9\x84\xd8\xa7\xd9\x85 \xd8\xae\xd9\x84\xd8\xa7\xd9\x84 24  \xd8\xb3\xd8\xa7\xd8\xb9\xd8\xa9'
2020-12-16 17:40:02,Waseem_584,69,b'@Coffe_jeddah \xd9\x85\xd8\xaa\xd9\x89 \xd9\x8a\xd9\x81\xd8\xaa\xd8\xad \xd9\x8a\xd9\x88\xd9\x85 \xd8\xa7\xd9\x84\xd8\xac\xd9\x85\xd8\xb9\xd8\xa9'
2020-12-16 17:40:02,MalikRiazKhan14,8,"b'@ndtv Saudi Arabia, large oil vessel attacked at port, awe in Saudi Arabia | Explosion in Jeddah Oil Tank!\nhttps://t.co/5kwA4Uy2Kv'"
2020-12-16 17:40:00,FIBA3x3,48449,"b""RT @FIBA3x3: Who's your favorite player at the FIBA 3x3 World Tour Jeddah Final?\xf0\x9f\xa4\x94\n\n#3x3WT\nhttps://t.co/T26zGQhPXW"""
2020-12-16 17:39:47,apody_133,10,b'RT @AMHAlShareef: \xd9\x85\xd8\xa8\xd9\x84\xd8\xba  500  \xd8\xb1\xd9\x8a\xd8\xa7\xd9\x84 \xd9\x84\xd9\x81\xd8\xa7\xd8\xa6\xd8\xb2 \xd9\x88\xd8\xa7\xd8\xad\xd8\xaf\n\xe2\x96\xaa\xef\xb8\x8f \xd8\xa7\xd9\x84\xd9\x85\xd8\xb7\xd9\x84\xd9\x88\xd8\xa8 \n\xd9\x85\xd8\xaa\xd8\xa7\xd8\xa8\xd8\xb9\xd8\xa9 \xd8\xa7\xd9\x84\xd8\xad\xd8\xb3\xd8\xa7\xd8\xa8    @vibes_jeddah\n\n\xd8\xa7\xd9\x84\xd8\xb3\xd8\xad\xd8\xa8 \xd9\x85\xd9\x86 \xd8\xa7\xd9\x84\xd8\xb1\xd9\x8a\xd8\xaa\xd9\x88\xd9\x8a\xd8\xaa \xd9\x81\xd9\x8a \xd8\xa3\xd9\x82\xd9\x84\xd8\xa7\xd9\x85 \xd9\x88\xd8\xa3\xd8\xb9\xd9\x84\xd8\xa7\xd9\x85 \xd8\xae\xd9\x84\xd8\xa7\xd9\x84 24  \xd8\xb3\xd8\xa7\xd8\xb9\xd8\xa9'
2020-12-16 17:38:02,lay24090246,99,b'RT @AMHAlShareef: \xd9\x85\xd8\xa8\xd9\x84\xd8\xba  500  \xd8\xb1\xd9\x8a\xd8\xa7\xd9\x84 \xd9\x84\xd9\x81\xd8\xa7\xd8\xa6\xd8\xb2 \xd9\x88\xd8\xa7\xd8\xad\xd8\xaf\n\xe2\x96\xaa\xef\xb8\x8f \xd8\xa7\xd9\x84\xd9\x85\xd8\xb7\xd9\x84\xd9\x88\xd8\xa8 \n\xd9\x85\xd8\xaa\xd8\xa7\xd8\xa8\xd8\xb9\xd8\xa9 \xd8\xa7\xd9\x84\xd8\xad\xd8\xb3\xd8\xa7\xd8\xa8    @vibes_jeddah\n\n\xd8\xa7\xd9\x84\xd8\xb3\xd8\xad\xd8\xa8 \xd9\x85\xd9\x86 \xd8\xa7\xd9\x84\xd8\xb1\xd9\x8a\xd8\xaa\xd9\x88\xd9\x8a\xd8\xaa \xd9\x81\xd9\x8a \xd8\xa3\xd9\x82\xd9\x84\xd8\xa7\xd9\x85 \xd9\x88\xd8\xa3\xd8\xb9\xd9\x84\xd8\xa7\xd9\x85 \xd8\xae\xd9\x84\xd8\xa7\xd9\x84 24  \xd8\xb3\xd8\xa7\xd8\xb9\xd8\xa9'
2020-12-16 17:37:42,SarahShammy,95,b'Shammy 0561366898 massage body to body massage in jeddah'
2020-12-16 17:37:25,MalikRiazKhan14,8,"b'@ndtv Saudi Arabia, large oil vessel attacked at port, awe in Saudi Arabia | Explosion in Jeddah Oil Tank!\nhttps://t.co/5kwA4Uy2Kv'"
2020-12-16 17:37:05,GBaharith,984,b'@aloosh_jeddah \xd8\xb4\xd9\x83\xd8\xb1\xd8\xa7\xd9\x8b \xd8\xad\xd8\xa7\xd8\xb9\xd8\xaa\xd8\xa8\xd8\xb1\xd9\x87\xd8\xa7 \xd9\x87\xd8\xaf\xd9\x8a\xd8\xa9 \xd8\xb9\xd9\x8a\xd8\xaf\xd8\xa7\xd9\x84\xd9\x85\xd9\x8a\xd9\x84\xd8\xa7\xd8\xaf . \xd8\xb4\xd9\x83\xd8\xb1\xd8\xa7\xd9\x8b \xd8\xb9\xd9\x84\xd9\x8a \xf0\x9f\x98\x8d\xf0\x9f\x99\x8f\xf0\x9f\x8f\xbc\xf0\x9f\xa4\xa9 \xd8\xad\xd8\xa7\xd8\xac\xd8\xb1\xd8\xa8\xd9\x88 \xd9\x88\xd8\xa7\xd9\x82\xd9\x88\xd9\x84\xd9\x83'
2020-12-16 17:36:55,abughala_2015,3873,b'@Jeddah_Real_Est \xd8\xa8\xd8\xa7\xd8\xb1\xd9\x83 \xd8\xa7\xd9\x84\xd9\x84\xd9\x87 \xd9\x81\xd9\x8a\xd9\x83 \xd9\x85\xd9\x85\xd9\x83\xd9\x86 \xd8\xb1\xd9\x82\xd9\x85 \xd8\xa7\xd9\x84\xd9\x82\xd8\xb7\xd8\xb9\xd9\x87 \xd9\x8a\xd8\xa7\xd9\x84\xd8\xba\xd8\xa7\xd9\x84\xd9\x8a'
2020-12-16 17:36:51,Redrose67917334,3,b'Jeddah massage VIP\nWhatsApp+966569737968 https://t.co/ScY11wFTTL'
2020-12-16 17:36:06,yi2_2,109,b'RT @AMHAlShareef: \xd9\x85\xd8\xa8\xd9\x84\xd8\xba  500  \xd8\xb1\xd9\x8a\xd8\xa7\xd9\x84 \xd9\x84\xd9\x81\xd8\xa7\xd8\xa6\xd8\xb2 \xd9\x88\xd8\xa7\xd8\xad\xd8\xaf\n\xe2\x96\xaa\xef\xb8\x8f \xd8\xa7\xd9\x84\xd9\x85\xd8\xb7\xd9\x84\xd9\x88\xd8\xa8 \n\xd9\x85\xd8\xaa\xd8\xa7\xd8\xa8\xd8\xb9\xd8\xa9 \xd8\xa7\xd9\x84\xd8\xad\xd8\xb3\xd8\xa7\xd8\xa8    @vibes_jeddah\n\n\xd8\xa7\xd9\x84\xd8\xb3\xd8\xad\xd8\xa8 \xd9\x85\xd9\x86 \xd8\xa7\xd9\x84\xd8\xb1\xd9\x8a\xd8\xaa\xd9\x88\xd9\x8a\xd8\xaa \xd9\x81\xd9\x8a \xd8\xa3\xd9\x82\xd9\x84\xd8\xa7\xd9\x85 \xd9\x88\xd8\xa3\xd8\xb9\xd9\x84\xd8\xa7\xd9\x85 \xd8\xae\xd9\x84\xd8\xa7\xd9\x84 24  \xd8\xb3\xd8\xa7\xd8\xb9\xd8\xa9'
2020-12-16 17:36:04,NtRuaa,638,"b'\xf0\x9f\x92\x9c\xf0\x9f\x98\x82 (@ ONE FIFTEENTH COFFEE 1/15 in Jeddah, Makkah w/ @fat0om14) https://t.co/aSuWPkmk0L'"
2020-12-16 17:36:04,ma_lak222,192,b'@AMHAlShareef @vibes_jeddah \xd8\xaa\xd9\x85\xf0\x9f\x8c\xb8\xf0\x9f\x8c\xb8'
2020-12-16 17:36:02,KrojeS,384,b'RT @HFKPhotography: Steppe Eagle\nArabic: \xd8\xb9\xd9\x82\xd8\xa7\xd8\xa8 \xd8\xa7\xd9\x84\xd8\xb3\xd9\x87\xd9\x88\xd8\xa8\n\nLocation: #Jeddah #Makkah #SaudiArabia\n\xd8\xa7\xd9\x84\xd9\x85\xd9\x88\xd9\x82\xd8\xb9: #\xd8\xac\xd8\xaf\xd8\xa9 #\xd9\x85\xd9\x83\xd8\xa9 #\xd8\xa7\xd9\x84\xd8\xb3\xd8\xb9\xd9\x88\xd8\xaf\xd9\x8a\xd8\xa9 \n\n#birds #birding\xe2\x80\xa6'
2020-12-16 17:35:52,ma_lak222,192,b'RT @AMHAlShareef: \xd9\x85\xd8\xa8\xd9\x84\xd8\xba  500  \xd8\xb1\xd9\x8a\xd8\xa7\xd9\x84 \xd9\x84\xd9\x81\xd8\xa7\xd8\xa6\xd8\xb2 \xd9\x88\xd8\xa7\xd8\xad\xd8\xaf\n\xe2\x96\xaa\xef\xb8\x8f \xd8\xa7\xd9\x84\xd9\x85\xd8\xb7\xd9\x84\xd9\x88\xd8\xa8 \n\xd9\x85\xd8\xaa\xd8\xa7\xd8\xa8\xd8\xb9\xd8\xa9 \xd8\xa7\xd9\x84\xd8\xad\xd8\xb3\xd8\xa7\xd8\xa8    @vibes_jeddah\n\n\xd8\xa7\xd9\x84\xd8\xb3\xd8\xad\xd8\xa8 \xd9\x85\xd9\x86 \xd8\xa7\xd9\x84\xd8\xb1\xd9\x8a\xd8\xaa\xd9\x88\xd9\x8a\xd8\xaa \xd9\x81\xd9\x8a \xd8\xa3\xd9\x82\xd9\x84\xd8\xa7\xd9\x85 \xd9\x88\xd8\xa3\xd8\xb9\xd9\x84\xd8\xa7\xd9\x85 \xd8\xae\xd9\x84\xd8\xa7\xd9\x84 24  \xd8\xb3\xd8\xa7\xd8\xb9\xd8\xa9'
2020-12-16 17:35:36,MalikRiazKhan14,8,"b'@ndtv Saudi Arabia, large oil vessel attacked at port, awe in Saudi Arabia | Explosion in Jeddah Oil Tank!\nhttps://t.co/5kwA4Uy2Kv'"
2020-12-16 17:35:34,lrozen,164658,b'RT @dmidvar: ICYMI: Iran condemned attack on oil tanker in the Saudi port of Jeddah.'
2020-12-16 17:35:06,dmidvar,1342,b'ICYMI: Iran condemned attack on oil tanker in the Saudi port of Jeddah. https://t.co/EXfwTqqgWS'
2020-12-16 17:35:04,sts_www,735,b'RT @maan2077: \xd8\xb3\xd8\xb9\xd8\xa7\xd8\xaf\xd8\xa9 \xd9\x85\xd8\xaf\xd9\x8a\xd8\xb1 \xd8\xb9\xd8\xa7\xd9\x85 \xd8\xa7\xd9\x84\xd8\xaa\xd8\xb9\xd9\x84\xd9\x8a\xd9\x85 \xd8\xa8\xd9\x85\xd9\x86\xd8\xb7\xd9\x82\xd8\xa9 \xd8\xaa\xd8\xa8\xd9\x88\xd9\x83 \xd8\xa7\xd9\x84\xd8\xa7\xd8\xb3\xd8\xaa\xd8\xa7\xd8\xb0 \xd8\xa7\xd8\xa8\xd8\xb1\xd8\xa7\xd9\x87\xd9\x8a\xd9\x85 \xd8\xa8\xd9\x86 \xd8\xad\xd8\xb3\xd9\x8a\xd9\x86 \xd8\xa7\xd9\x84\xd8\xb9\xd9\x8f\xd9\x85\xd8\xb1\xd9\x8a :\n ((\xd9\x85\xd9\x8a\xd8\xb2\xd8\xa7\xd9\x86\xd9\x8a\xd8\xa9 \xd8\xa7\xd9\x84\xd8\xae\xd9\x8a\xd8\xb1  \xd8\xa7\xd9\x85\xd8\xaa\xd8\xaf\xd8\xa7\xd8\xaf \xd9\x84\xd8\xad\xd9\x83\xd9\x85\xd8\xa9 \xd8\xa7\xd9\x84\xd9\x82\xd9\x8a\xd8\xa7\xd8\xaf\xd8\xa9 \xd9\x88\xd8\xb9\xd9\x86\xd8\xa7\xd9\x8a\xd8\xaa\xd9\x87\xd8\xa7 \xd8\xa8\xd8\xa7\xd9\x84\xd9\x85\xd9\x88\xd8\xa7\xd8\xb7\xd9\x86\xe2\x80\xa6'
2020-12-16 17:35:02,m27rw,83,"b""I'm at Kim's Coffee in Jeddah, Makkah w/ @sam5ab https://t.co/tcGWwH17CL"""
2020-12-16 17:34:58,oihm1,14777,b'RT @maan2077: \xd8\xb3\xd8\xb9\xd8\xa7\xd8\xaf\xd8\xa9 \xd9\x85\xd8\xaf\xd9\x8a\xd8\xb1 \xd8\xb9\xd8\xa7\xd9\x85 \xd8\xa7\xd9\x84\xd8\xaa\xd8\xb9\xd9\x84\xd9\x8a\xd9\x85 \xd8\xa8\xd9\x85\xd9\x86\xd8\xb7\xd9\x82\xd8\xa9 \xd8\xaa\xd8\xa8\xd9\x88\xd9\x83 \xd8\xa7\xd9\x84\xd8\xa7\xd8\xb3\xd8\xaa\xd8\xa7\xd8\xb0 \xd8\xa7\xd8\xa8\xd8\xb1\xd8\xa7\xd9\x87\xd9\x8a\xd9\x85 \xd8\xa8\xd9\x86 \xd8\xad\xd8\xb3\xd9\x8a\xd9\x86 \xd8\xa7\xd9\x84\xd8\xb9\xd9\x8f\xd9\x85\xd8\xb1\xd9\x8a :\n ((\xd9\x85\xd9\x8a\xd8\xb2\xd8\xa7\xd9\x86\xd9\x8a\xd8\xa9 \xd8\xa7\xd9\x84\xd8\xae\xd9\x8a\xd8\xb1  \xd8\xa7\xd9\x85\xd8\xaa\xd8\xaf\xd8\xa7\xd8\xaf \xd9\x84\xd8\xad\xd9\x83\xd9\x85\xd8\xa9 \xd8\xa7\xd9\x84\xd9\x82\xd9\x8a\xd8\xa7\xd8\xaf\xd8\xa9 \xd9\x88\xd8\xb9\xd9\x86\xd8\xa7\xd9\x8a\xd8\xaa\xd9\x87\xd8\xa7 \xd8\xa8\xd8\xa7\xd9\x84\xd9\x85\xd9\x88\xd8\xa7\xd8\xb7\xd9\x86\xe2\x80\xa6'
